CAR,Mean_Normal,Mean_Anomaly,Difference,t_stat,p_value_t,p_value_MW,n_normal,n_anomaly
car_raw_30d,0.00037094002418729404,0.036458844200602414,0.03608790417641512,-16.034524209629854,8.918764488668404e-58,2.710136908382143e-07,82083,2895
car_capm_30d,0.000485086738217978,0.031855218897465586,0.03137013215924761,-14.219070988637034,7.876783654123192e-46,3.263670774648484e-05,82083,2895
car_ff3_30d,-0.0015353723469638367,0.028984159343230998,0.030519531690194834,-14.28635985930453,3.011757301566453e-46,6.119240169052717e-05,82063,2894
car_raw_60d,0.001202865582540504,0.07177597654580117,0.07057311096326067,-21.390101258913777,3.0653991812489014e-101,3.612052321183579e-16,81838,2887
car_capm_60d,0.001398240188199485,0.06005410054478349,0.058655860356584,-18.24016337008593,3.4378578771150526e-74,9.953661455155194e-09,81838,2887
car_ff3_60d,-0.0027741316469712288,0.05290686168680544,0.055680993333776664,-17.899819966484063,1.603408593111943e-71,1.7417366829913698e-09,81838,2887
car_raw_90d,-0.0005867216739170852,0.09764915604153558,0.09823587771545267,-24.176732725320083,1.072153516779868e-128,4.9473364032726396e-14,81683,2883
car_capm_90d,0.0002479782924108861,0.07906437592760741,0.07881639763519653,-19.834623460076386,2.366658147685414e-87,6.585261318443829e-06,81683,2883
car_ff3_90d,-0.005232989099090472,0.0717720287147084,0.07700501781379887,-20.115404321212033,8.785051752141002e-90,6.513067256853915e-07,81683,2883
