,return_t,abs_return_t,return_overnight,return_intraday,momentum_5d,momentum_20d,momentum_60d,momentum_252d,realized_vol_30d,realized_vol_60d,realized_vol_252d,parkinson_vol_30d,vol_of_vol_60d,volume_t,dollar_volume_t,volume_ratio_30d,abnormal_volume_30d,amihud_illiq_20d,roll_spread_30d,hl_spread_20d
count,0.0,0.0,0.0,0.0,0.0,0.0,0.0,0.0,87463.0,87465.0,87479.0,106519.0,87260.0,0.0,0.0,0.0,0.0,87199.0,87463.0,87511.0
mean,,,,,,,,,0.40017126237449085,0.3969271838107312,0.39059629989575495,0.22639902963136715,0.09177102137629081,,,,,5889.829230793953,0.01444267770036104,0.026615276053055404
std,,,,,,,,,8.066105287174773,8.065527422767458,8.065138255323951,0.20259359619525255,0.29447386692750177,,,,,1453419.6757803347,0.535094986517771,0.018268572880411678
min,,,,,,,,,0.07117409793558525,0.08015757813981837,0.09824961456948365,0.0,0.010720244795576407,,,,,8.017247334303188e-07,0.0,0.0031709272073180603
25%,,,,,,,,,0.19568774287184096,0.2055226089205875,0.21777671883345806,0.131440213241443,0.0381522827483324,,,,,1.8684239678186057e-05,0.0,0.01675964990202125
50%,,,,,,,,,0.26995120667844574,0.27403590990780097,0.27921272822518955,0.20655223041108853,0.05914868828221563,,,,,5.413847999022436e-05,0.005933501787838866,0.02233458393871356
75%,,,,,,,,,0.3834704820220486,0.38182958268432965,0.3785846151701152,0.29182659923033605,0.09812052276970586,,,,,0.00019349354997225983,0.014026662877955452,0.030273997740154643
max,,,,,,,,,1135.2286437629957,1135.2286437629957,1135.2286437629957,14.917382881074984,70.50440278493778,,,,,426990530.65782315,72.16896297504806,0.5612047582238153
