Ticker,sector,industry,longName
KSU,,,
PG,Consumer Defensive,Household & Personal Products,The Procter & Gamble Company
CAT,Industrials,Farm & Heavy Construction Machinery,Caterpillar Inc.
DD,Basic Materials,Specialty Chemicals,"DuPont de Nemours, Inc."
LMT,Industrials,Aerospace & Defense,Lockheed Martin Corporation
ABBV,Healthcare,Drug Manufacturers - General,AbbVie Inc.
GMXRQ,,,
GOOGL,Communication Services,Internet Content & Information,Alphabet Inc.
AAPL,Technology,Consumer Electronics,Apple Inc.
STT,Financial Services,Asset Management,State Street Corporation
PNC,Financial Services,Banks - Regional,"The PNC Financial Services Group, Inc."
MLPN,,,Credit Suisse X-Links CushgMLPInfrasETN
CCL,Consumer Cyclical,Travel Services,Carnival Corporation & plc
UIS,Technology,Information Technology Services,Unisys Corporation
CSCO,Technology,Communication Equipment,"Cisco Systems, Inc."
ATMP,,,Barclays ETN+ Select MLP ETN
ADM,Consumer Defensive,Farm Products,Archer-Daniels-Midland Company
WCRX,,,
BHP,Basic Materials,Other Industrial Metals & Mining,BHP Group Limited
WFT,,,Weatherford International plc
BDX,Healthcare,Medical Instruments & Supplies,"Becton, Dickinson and Company"
IBM,Technology,Information Technology Services,International Business Machines Corporation
DLPH,,,
EMR,Industrials,Specialty Industrial Machinery,Emerson Electric Co.
CG,Financial Services,Asset Management,The Carlyle Group Inc.
KMP,,,
WLL,,,
EXXI,,,
YUM,Consumer Cyclical,Restaurants,"Yum! Brands, Inc."
KEY,Financial Services,Banks - Regional,KeyCorp
TRN,Industrials,Railroads,"Trinity Industries, Inc."
GIS,Consumer Defensive,Packaged Foods,"General Mills, Inc."
BCE,Communication Services,Telecom Services,BCE Inc.
ARP,,,Pmv Adaptive Risk Parity ETF
NTRI,,,
POT,,,
DE,Industrials,Farm & Heavy Construction Machinery,Deere & Company
CMLP,,,
BBL,,,
SAPE,,,
CDNS,Technology,Software - Application,"Cadence Design Systems, Inc."
C,Financial Services,Banks - Diversified,Citigroup Inc.
DFS,,,
CTSH,Technology,Information Technology Services,Cognizant Technology Solutions Corporation
USG,,,USCF Gold Strategy Plus Income Fund
CTL,,,
EXC,Utilities,Utilities - Regulated Electric,Exelon Corporation
LEA,Consumer Cyclical,Auto Parts,Lear Corporation
DEST,,,
NGLS,,,
ACAS,,,
MITY,,,
BBEP,,,
WMB,Energy,Oil & Gas Midstream,"The Williams Companies, Inc."
SPOR,,,
SUSS,,,
UHR,,,
IVZ,Financial Services,Asset Management,Invesco Ltd.
ISRG,Healthcare,Medical Instruments & Supplies,"Intuitive Surgical, Inc."
V,Financial Services,Credit Services,Visa Inc.
NGL,Energy,Oil & Gas Midstream,NGL Energy Partners LP
GMLP,,,
WYNN,Consumer Cyclical,Resorts & Casinos,"Wynn Resorts, Limited"
KMI,Energy,Oil & Gas Midstream,"Kinder Morgan, Inc."
NML,Financial Services,Asset Management,Neuberger Berman Income Funds - Neuberger Energy Infrastructure and Income Fund Inc.
MIE,,,
EPD,Energy,Oil & Gas Midstream,Enterprise Products Partners L.P.
ABEV,Consumer Defensive,Beverages - Brewers,Ambev S.A.
DG1,,,
MWE,,,
ATU,,,
NAIT,,,
ERA,,,
PHH,,,
AIN,Consumer Cyclical,Textile Manufacturing,Albany International Corp.
TUP,,,
CAN,Technology,Computer Hardware,Canaan Inc.
FSCI,,,
GILD,Healthcare,Drug Manufacturers - General,"Gilead Sciences, Inc."
THR,Industrials,Specialty Industrial Machinery,"Thermon Group Holdings, Inc."
IDXX,Healthcare,Diagnostics & Research,"IDEXX Laboratories, Inc."
SBUX,Consumer Cyclical,Restaurants,Starbucks Corporation
TKR,Industrials,Tools & Accessories,The Timken Company
HDNG,,,
EIS,,,iShares MSCI Israel ETF
AEF,Financial Services,Asset Management,"abrdn Emerging Markets ex-China Fund, Inc."
AXR,Real Estate,Real Estate - Development,AMREP Corporation
SRCL,,,
DVA,Healthcare,Medical Care Facilities,DaVita Inc.
NTAP,Technology,Software - Infrastructure,"NetApp, Inc."
ACN,Technology,Information Technology Services,Accenture plc
FLR,Industrials,Engineering & Construction,Fluor Corporation
FTI1,,,
GOGO,Communication Services,Telecom Services,Gogo Inc.
EL,Consumer Defensive,Household & Personal Products,The Estée Lauder Companies Inc.
G,Technology,Information Technology Services,Genpact Limited
ANSS,,,
SCHW,Financial Services,Capital Markets,The Charles Schwab Corporation
RGIDQ,,,
SLB,Energy,Oil & Gas Equipment & Services,SLB N.V.
FOSL,Consumer Cyclical,Footwear & Accessories,"Fossil Group, Inc."
MJN,,,
CLB,Energy,Oil & Gas Equipment & Services,Core Laboratories Inc.
ECL,Basic Materials,Specialty Chemicals,Ecolab Inc.
CVD,,,
NATI,,,
QCOM,Technology,Semiconductors,QUALCOMM Incorporated
CRM,Technology,Software - Application,"Salesforce, Inc."
DHR,Healthcare,Diagnostics & Research,Danaher Corporation
WFM,,,
APH,Technology,Electronic Components,Amphenol Corporation
COST,Consumer Defensive,Discount Stores,Costco Wholesale Corporation
ESRX,,,Express Scripts Holding Company
APC,,,
EVEP,,,
GFIG,,,
KEN,Utilities,Utilities - Independent Power Producers,Kenon Holdings Ltd.
MA,Financial Services,Credit Services,Mastercard Incorporated
TX1,,,
MNST,Consumer Defensive,Beverages - Non-Alcoholic,Monster Beverage Corporation
CAUD,Technology,Software - Application,"Collective Audience, Inc."
PCLN,,,Pictet Cleaner Planet ETF
FDX,Industrials,Integrated Freight & Logistics,FedEx Corporation
TWX,,,
PCP,,,
ALXN,,,
CELG,,,
EURO,,,
BLK,Financial Services,Asset Management,"BlackRock, Inc."
BIIB,Healthcare,Drug Manufacturers - General,Biogen Inc.
CTCT,,,
LVS,Consumer Cyclical,Resorts & Casinos,Las Vegas Sands Corp.
ELN,,,
EBAY,Consumer Cyclical,Internet Retail,eBay Inc.
REGN,Healthcare,Biotechnology,"Regeneron Pharmaceuticals, Inc."
CBA,,,ClearBridge American Energy MLP Fund Inc.
CL,Consumer Defensive,Household & Personal Products,Colgate-Palmolive Company
OKE,Energy,Oil & Gas Midstream,"ONEOK, Inc."
PM,Consumer Defensive,Tobacco,Philip Morris International Inc.
MCD,Consumer Cyclical,Restaurants,McDonald's Corporation
MSFT,Technology,Software - Infrastructure,Microsoft Corporation
JPM,Financial Services,Banks - Diversified,JPMorgan Chase & Co.
INTC,Technology,Semiconductors,Intel Corporation
LLY,Healthcare,Drug Manufacturers - General,Eli Lilly and Company
TJX,Consumer Cyclical,Apparel Retail,"The TJX Companies, Inc."
MMM,Industrials,Conglomerates,3M Company
JNJ,Healthcare,Drug Manufacturers - General,Johnson & Johnson
ABT,Healthcare,Medical Devices,Abbott Laboratories
ADP,Technology,Software - Application,"Automatic Data Processing, Inc."
TGT,Consumer Defensive,Discount Stores,Target Corporation
T,Communication Services,Telecom Services,AT&T Inc.
RDS.A,,,
NOV,Energy,Oil & Gas Equipment & Services,NOV Inc.
NDRE,,,
MELI,Consumer Cyclical,Internet Retail,"MercadoLibre, Inc."
YNDX,,,
HAL,Energy,Oil & Gas Equipment & Services,Halliburton Company
MR1,,,
TSM,Technology,Semiconductors,Taiwan Semiconductor Manufacturing Company Limited
RRD,,,
TV,Communication Services,Telecom Services,"Grupo Televisa, S.A.B."
SQM,Basic Materials,Specialty Chemicals,Sociedad Química y Minera de Chile S.A.
PSMT,Consumer Defensive,Discount Stores,"PriceSmart, Inc."
ERKA,,,
XRX,Industrials,Business Equipment & Supplies,Xerox Holdings Corporation
TEG,,,
SEE,Consumer Cyclical,Packaging & Containers,Sealed Air Corporation
TLLP,,,
SBIG,Technology,Software - Application,"SpringBig Holdings, Inc."
INTU,Technology,Software - Application,Intuit Inc.
TPTA,,,
RBZ,,,
RKT,Financial Services,Mortgage Finance,"Rocket Companies, Inc."
PEP,Consumer Defensive,Beverages - Non-Alcoholic,"PepsiCo, Inc."
BC,Consumer Cyclical,Recreational Vehicles,Brunswick Corporation
KIM,Real Estate,REIT - Retail,Kimco Realty Corporation
DTEGY,Communication Services,Telecom Services,Deutsche Telekom AG
AZN,Healthcare,Drug Manufacturers - General,AstraZeneca PLC
DEO,Consumer Defensive,Beverages - Wineries & Distilleries,Diageo plc
IP,Consumer Cyclical,Packaging & Containers,International Paper Company
BLL,,,
WM,Industrials,Waste Management,"Waste Management, Inc."
MCK,Healthcare,Medical Distribution,McKesson Corporation
OMC,Communication Services,Advertising Agencies,Omnicom Group Inc.
TWC,,,
TEZNY,Utilities,Utilities - Regulated Electric,Terna S.p.A.
FE,Utilities,Utilities - Regulated Electric,FirstEnergy Corp.
BBT,Financial Services,Banks - Regional,Beacon Financial Corporation
COP,Energy,Oil & Gas E&P,ConocoPhillips
VCISY,Industrials,Engineering & Construction,Vinci SA
EIX,Utilities,Utilities - Regulated Electric,Edison International
SCMWY,Communication Services,Telecom Services,Swisscom AG
TYC,,,
BSX,Healthcare,Medical Devices,Boston Scientific Corporation
M,Consumer Cyclical,Department Stores,"Macy's, Inc."
EXPE,Consumer Cyclical,Travel Services,"Expedia Group, Inc."
AGNC,Real Estate,REIT - Mortgage,AGNC Investment Corp.
FUL,Basic Materials,Specialty Chemicals,H.B. Fuller Company
PSO,Communication Services,Publishing,Pearson plc
EQR,Real Estate,REIT - Residential,Equity Residential
CMCSA,Communication Services,Telecom Services,Comcast Corporation
STI,Industrials,Electrical Equipment & Parts,"Solidion Technology, Inc."
CI,Healthcare,Healthcare Plans,The Cigna Group
FLEX,Technology,Electronic Components,Flex Ltd.
FITB,Financial Services,Banks - Regional,Fifth Third Bancorp
IACI,,,
L,Financial Services,Insurance - Property & Casualty,Loews Corporation
SSEZY,Utilities,Utilities - Diversified,SSE plc
BRCD,,,
Y,,,
MRK,Healthcare,Drug Manufacturers - General,"Merck & Co., Inc."
UNH,Healthcare,Healthcare Plans,UnitedHealth Group Incorporated
WBK,,,
TMK,,,
CAM,,,AB California Intermediate Municipal ETF
MAT,Consumer Cyclical,Leisure,"Mattel, Inc."
ABC,,,
KLAC,Technology,Semiconductor Equipment & Materials,KLA Corporation
LSI,,,
WFC,Financial Services,Banks - Diversified,Wells Fargo & Company
CMI,Industrials,Specialty Industrial Machinery,Cummins Inc.
ADS,,,
SJR,,,
SEIC,Financial Services,Asset Management,SEI Investments Company
AMTD,Financial Services,Asset Management,AMTD IDEA Group
HCN,,,
VZ,Communication Services,Telecom Services,Verizon Communications Inc.
A,Healthcare,Diagnostics & Research,"Agilent Technologies, Inc."
BASFY,Basic Materials,Chemicals,BASF SE
GS,Financial Services,Capital Markets,"The Goldman Sachs Group, Inc."
ONNN,,,
WDC,Technology,Computer Hardware,Western Digital Corporation
DOV,Industrials,Specialty Industrial Machinery,Dover Corporation
AES,Utilities,Utilities - Diversified,The AES Corporation
CPYYY,Utilities,Utilities - Independent Power Producers,Centrica plc
COH,,,
FCN,Industrials,Consulting Services,"FTI Consulting, Inc."
MCHP,Technology,Semiconductors,Microchip Technology Incorporated
DO,,,
CVS,Healthcare,Healthcare Plans,CVS Health Corporation
KMB,Consumer Defensive,Household & Personal Products,Kimberly-Clark Corporation
HRS,,,
COF,Financial Services,Credit Services,Capital One Financial Corporation
AGCO,Industrials,Farm & Heavy Construction Machinery,AGCO Corporation
VNTV,,,
AMGN,Healthcare,Drug Manufacturers - General,Amgen Inc.
TRW,,,
MAS,Industrials,Building Products & Equipment,Masco Corporation
SIEGY,Industrials,Specialty Industrial Machinery,Siemens Aktiengesellschaft
VLO,Energy,Oil & Gas Refining & Marketing,Valero Energy Corporation
HBAN,Financial Services,Banks - Regional,Huntington Bancshares Incorporated
EMC,,,Global X Emerging Markets Great Consumer ETF
STZ,Consumer Defensive,Beverages - Brewers,"Constellation Brands, Inc."
STX,Technology,Computer Hardware,Seagate Technology Holdings plc
TE,Industrials,Electrical Equipment & Parts,T1 Energy Inc.
DRQ,,,
MO,Consumer Defensive,Tobacco,"Altria Group, Inc."
XOM,Energy,Oil & Gas Integrated,Exxon Mobil Corporation
TRV,Financial Services,Insurance - Property & Casualty,"The Travelers Companies, Inc."
CCK,Consumer Cyclical,Packaging & Containers,"Crown Holdings, Inc."
CMA,Financial Services,Banks - Regional,Comerica Incorporated
VR,,,Global X Metaverse ETF
GSK,Healthcare,Drug Manufacturers - General,GSK plc
AEE,Utilities,Utilities - Regulated Electric,Ameren Corporation
REG,Real Estate,REIT - Retail,Regency Centers Corporation
LO,,,
OI,Consumer Cyclical,Packaging & Containers,"O-I Glass, Inc."
NWL,Consumer Defensive,Household & Personal Products,Newell Brands Inc.
VIVHY,Communication Services,Entertainment,Vivendi SE
BAESY,Industrials,Aerospace & Defense,BAE Systems plc
SVNLY,Financial Services,Banks - Diversified,Svenska Handelsbanken AB (publ)
GPN,Industrials,Specialty Business Services,Global Payments Inc.
GPK,Consumer Cyclical,Packaging & Containers,Graphic Packaging Holding Company
VRSK,Industrials,Consulting Services,"Verisk Analytics, Inc."
AEP,Utilities,Utilities - Regulated Electric,"American Electric Power Company, Inc."
BXP,Real Estate,REIT - Office,"BXP, Inc."
RHI,Industrials,Staffing & Employment Services,Robert Half Inc.
PPL,Utilities,Utilities - Regulated Electric,PPL Corporation
BRK.B,,,
UUGRY,Utilities,Utilities - Regulated Water,United Utilities Group PLC
TW,Financial Services,Capital Markets,Tradeweb Markets Inc.
BTI,Consumer Defensive,Tobacco,British American Tobacco p.l.c.
PRGO,Healthcare,Drug Manufacturers - Specialty & Generic,Perrigo Company plc
RHHBY,Healthcare,Drug Manufacturers - General,Roche Holding AG
ARW,Technology,Electronics & Computer Distribution,"Arrow Electronics, Inc."
PSX,Energy,Oil & Gas Refining & Marketing,Phillips 66
EFX,Industrials,Consulting Services,Equifax Inc.
RAI,,,
OCR,,,
DPS,,,"Dr Pepper Snapple Group, Inc."
OXY,Energy,Oil & Gas E&P,Occidental Petroleum Corporation
MURGY,Financial Services,Insurance - Reinsurance,Münchener Rückversicherungs-Gesellschaft Aktiengesellschaft in München
WR,,,
SLG,Real Estate,REIT - Office,SL Green Realty Corp.
ALL,Financial Services,Insurance - Property & Casualty,The Allstate Corporation
SNY,Healthcare,Drug Manufacturers - General,Sanofi
NSRGY,Consumer Defensive,Packaged Foods,Nestlé S.A.
LMCA,,,
CFN,,,
LBTYK,Communication Services,Telecom Services,Liberty Global Ltd.
DOX,Technology,Software - Infrastructure,Amdocs Limited
EWBC,Financial Services,Banks - Regional,"East West Bancorp, Inc."
SO,Utilities,Utilities - Regulated Electric,The Southern Company
AAT,Real Estate,REIT - Diversified,"American Assets Trust, Inc."
DDAIF,,,
ADI,Technology,Semiconductors,"Analog Devices, Inc."
TOT,,,Lionshares U.S. Equity Total Return ETF
TEL,Technology,Electronic Components,TE Connectivity plc
LNT,Utilities,Utilities - Regulated Electric,Alliant Energy Corporation
FL,,,
MET,Financial Services,Insurance - Life,"MetLife, Inc."
EGN,,,Energen Corporation
COV,,,
AVGO,Technology,Semiconductors,Broadcom Inc.
SYMC,,,
ORKLY,Consumer Defensive,Packaged Foods,Orkla ASA
CUB,Financial Services,Shell Companies,Lionheart Holdings
ECIFY,,,
VODPF,Communication Services,Telecom Services,Vodafone Group Public Limited Company
NSC,Industrials,Railroads,Norfolk Southern Corporation
DPSGY,,,
NWSA,Communication Services,Entertainment,News Corporation
ITYBY,,,
CSL,Industrials,Building Products & Equipment,Carlisle Companies Incorporated
SIX,,,
AVT,Technology,Electronics & Computer Distribution,"Avnet, Inc."
GCI,,,
PH,Industrials,Specialty Industrial Machinery,Parker-Hannifin Corporation
TLSYY,,,
MTX,Basic Materials,Specialty Chemicals,Minerals Technologies Inc.
ATVI,,,
AMH,Real Estate,REIT - Residential,American Homes 4 Rent
STO,,,
FNF,Financial Services,Insurance - Specialty,"Fidelity National Financial, Inc."
HON,Industrials,Conglomerates,Honeywell International Inc.
RGC,Healthcare,Drug Manufacturers - Specialty & Generic,Regencell Bioscience Holdings Limited
XLS,,,
NBL,,,
CCE,,,Coca-Cola European Partners plc
CBS,,,
CXW,Industrials,Security & Protection Services,"CoreCivic, Inc."
CW,Industrials,Aerospace & Defense,Curtiss-Wright Corporation
D,Utilities,Utilities - Regulated Electric,"Dominion Energy, Inc."
FLS,Industrials,Specialty Industrial Machinery,Flowserve Corporation
MRWSY,,,
VAR,,,
AXP,Financial Services,Credit Services,American Express Company
ACE,,,
DGX,Healthcare,Diagnostics & Research,Quest Diagnostics Incorporated
BUD,Consumer Defensive,Beverages - Brewers,Anheuser-Busch InBev SA/NV
AXS,Financial Services,Insurance - Specialty,AXIS Capital Holdings Limited
RCI,Communication Services,Telecom Services,Rogers Communications Inc.
CAH,Healthcare,Medical Distribution,"Cardinal Health, Inc."
DOW,Basic Materials,Chemicals,Dow Inc.
CMWAY,Financial Services,Banks - Diversified,Commonwealth Bank of Australia
CME,Financial Services,Financial Data & Stock Exchanges,CME Group Inc.
HII,Industrials,Aerospace & Defense,"Huntington Ingalls Industries, Inc."
AJG,Financial Services,Insurance Brokers,Arthur J. Gallagher & Co.
BBBY,,,"Bed Bath & Beyond, Inc."
CMPGY,Consumer Cyclical,Restaurants,Compass Group PLC
TSN,Consumer Defensive,Farm Products,"Tyson Foods, Inc."
MTB,Financial Services,Banks - Regional,M&T Bank Corporation
NVS,Healthcare,Drug Manufacturers - General,Novartis AG
STRNY,Utilities,Utilities - Regulated Water,Severn Trent PLC
PFE,Healthcare,Drug Manufacturers - General,Pfizer Inc.
BAC,Financial Services,Banks - Diversified,Bank of America Corporation
RGA,Financial Services,Insurance - Reinsurance,"Reinsurance Group of America, Incorporated"
NGG,Utilities,Utilities - Regulated Electric,National Grid plc
EOG,Energy,Oil & Gas E&P,"EOG Resources, Inc."
EQT,Energy,Oil & Gas E&P,EQT Corporation
MAC,Real Estate,REIT - Retail,The Macerich Company
MHFI,,,
MRO,,,
CMCSK,,,
PHI,Communication Services,Telecom Services,PLDT Inc.
DUK,Utilities,Utilities - Regulated Electric,Duke Energy Corporation
MMC,Financial Services,Insurance Brokers,"Marsh & McLennan Companies, Inc."
WCC,Industrials,Industrial Distribution,"WESCO International, Inc."
ALB,Basic Materials,Specialty Chemicals,Albemarle Corporation
USB,Financial Services,Banks - Regional,U.S. Bancorp
AAL,Industrials,Airlines,American Airlines Group Inc.
JLL,Real Estate,Real Estate Services,Jones Lang LaSalle Incorporated
ORCL,Technology,Software - Infrastructure,Oracle Corporation
APU,,,
NPO,Industrials,Specialty Industrial Machinery,Enpro Inc.
MEAS,,,
DAL,Industrials,Airlines,"Delta Air Lines, Inc."
CULP,Consumer Cyclical,Textile Manufacturing,"Culp, Inc."
CVX,Energy,Oil & Gas Integrated,Chevron Corporation
GLNG,Energy,Oil & Gas Midstream,Golar LNG Limited
ORBC,,,
APOL,,,
AA,Basic Materials,Aluminum,Alcoa Corporation
B,Basic Materials,Gold,Barrick Mining Corporation
IHS,Real Estate,Real Estate Services,IHS Holding Limited
CTY,,,
LGCY,Consumer Defensive,Education & Training Services,Legacy Education Inc.
WPX,,,
CLGX,,,
OHI,Real Estate,REIT - Healthcare Facilities,"Omega Healthcare Investors, Inc."
OCFC,Financial Services,Banks - Regional,OceanFirst Financial Corp.
AFSI,,,"AmTrust Financial Services, Inc."
NRF,,,
UPS,Industrials,Integrated Freight & Logistics,"United Parcel Service, Inc."
GE,Industrials,Aerospace & Defense,GE Aerospace
EVR,Financial Services,Capital Markets,Evercore Inc.
PII,Consumer Cyclical,Recreational Vehicles,Polaris Inc.
FB,,,ProShares S&P 500 Dynamic Daily Buffer ETF
KAI,Industrials,Specialty Industrial Machinery,Kadant Inc.
DLR,Real Estate,REIT - Specialty,"Digital Realty Trust, Inc."
CEN,,,
TTP,,,
JMF,,,
MMS,Industrials,Specialty Business Services,"Maximus, Inc."
AIRM,,,
AVP,,,
VTOL,Energy,Oil & Gas Equipment & Services,Bristow Group Inc.
JDD,,,
BA,Industrials,Aerospace & Defense,The Boeing Company
JWN,,,
NEE,Utilities,Utilities - Regulated Electric,"NextEra Energy, Inc."
GM,Consumer Cyclical,Auto Manufacturers,General Motors Company
BRFS,,,
TXT,Industrials,Aerospace & Defense,Textron Inc.
FEI,,,
SWAY,,,
AMKR,Technology,Semiconductor Equipment & Materials,"Amkor Technology, Inc."
PDCE,,,
CP,Industrials,Railroads,Canadian Pacific Kansas City Limited
VXRT,Healthcare,Biotechnology,"Vaxart, Inc."
ETN,Industrials,Specialty Industrial Machinery,Eaton Corporation plc
BMY,Healthcare,Drug Manufacturers - General,Bristol-Myers Squibb Company
LYSFF,Consumer Defensive,Packaged Foods,Lerøy Seafood Group ASA
BECN,,,
OGS,Utilities,Utilities - Regulated Gas,"ONE Gas, Inc."
BFK,Financial Services,Asset Management,BlackRock Municipal Income Trust
BT,,,
CASY,Consumer Cyclical,Specialty Retail,"Casey's General Stores, Inc."
LH,Healthcare,Diagnostics & Research,Labcorp Holdings Inc.
ACM,Industrials,Engineering & Construction,AECOM
UNTD1,,,
NVEC,Technology,Semiconductors,NVE Corporation
SPN,,,
MLM,Basic Materials,Building Materials,"Martin Marietta Materials, Inc."
ARCO,Consumer Cyclical,Restaurants,Arcos Dorados Holdings Inc.
NMM,Industrials,Marine Shipping,Navios Maritime Partners L.P.
FTI,Energy,Oil & Gas Equipment & Services,TechnipFMC plc
SYRG,,,
LYB,Basic Materials,Specialty Chemicals,LyondellBasell Industries N.V.
BBRY,,,
E,Energy,Oil & Gas Integrated,Eni S.p.A.
CARM,Healthcare,Biotechnology,"Carisma Therapeutics, Inc."
LNKD,,,
LKQ,Consumer Cyclical,Auto Parts,LKQ Corporation
HP,Energy,Oil & Gas Drilling,"Helmerich & Payne, Inc."
FAST,Industrials,Industrial Distribution,Fastenal Company
WAG,,,
OAS,,,
MDC,,,
DXCM,Healthcare,Medical Devices,"DexCom, Inc."
EEQ,,,"Enbridge Energy Management, L.L.C."
EW,Healthcare,Medical Devices,Edwards Lifesciences Corporation
TCB,,,
TMO,Healthcare,Diagnostics & Research,Thermo Fisher Scientific Inc.
VFC,Consumer Cyclical,Apparel Manufacturing,V.F. Corporation
WEC,Utilities,Utilities - Regulated Electric,"WEC Energy Group, Inc."
HD,Consumer Cyclical,Home Improvement Retail,"The Home Depot, Inc."
KO,Consumer Defensive,Beverages - Non-Alcoholic,The Coca-Cola Company
AIG,Financial Services,Insurance - Diversified,"American International Group, Inc."
PVH,Consumer Cyclical,Apparel Manufacturing,PVH Corp.
NFG,Energy,Oil & Gas Integrated,National Fuel Gas Company
SDLP,,,
SATS,Communication Services,Telecom Services,EchoStar Corporation
PB,Financial Services,Banks - Regional,"Prosperity Bancshares, Inc."
HQL,Financial Services,Asset Management,Abrdn Life Sciences Investors
VOD,Communication Services,Telecom Services,Vodafone Group Public Limited Company
EEP,,,"Enbridge Energy Partners, L.P."
CBL,Real Estate,REIT - Retail,"CBL & Associates Properties, Inc."
QEP,,,
RHT,,,
DGI,,,
CR,Industrials,Specialty Industrial Machinery,Crane Company
EC,Energy,Oil & Gas Integrated,Ecopetrol S.A.
RIG,Energy,Oil & Gas Drilling,Transocean Ltd.
ININ,,,
BZH,Consumer Cyclical,Residential Construction,"Beazer Homes USA, Inc."
STHO,Real Estate,Real Estate Services,Star Holdings
AWI,Industrials,Building Products & Equipment,"Armstrong World Industries, Inc."
VTR,Real Estate,REIT - Healthcare Facilities,"Ventas, Inc."
AZTA,Healthcare,Medical Instruments & Supplies,"Azenta, Inc."
DNB1,,,
RDC,,,
BIDU,Communication Services,Internet Content & Information,"Baidu, Inc."
YARIY,Basic Materials,Agricultural Inputs,Yara International ASA
UNCA,,,
MIDD,Industrials,Specialty Industrial Machinery,The Middleby Corporation
DST,,,
NATL,Technology,Software - Application,NCR Atleos Corporation
FMER,,,
CHLKF,,,
ZMH,,,
FCFS,Financial Services,Credit Services,"FirstCash Holdings, Inc."
ONCO,Healthcare,Biotechnology,"Onconetix, Inc."
NFLX,Communication Services,Entertainment,"Netflix, Inc."
UNRDY,,,
TEVA,Healthcare,Drug Manufacturers - Specialty & Generic,Teva Pharmaceutical Industries Limited
NESC,,,
MDT,Healthcare,Medical Devices,Medtronic plc
GWW,Industrials,Industrial Distribution,"W.W. Grainger, Inc."
BCR,,,
FISV,,,"Fiserv, Inc."
DIS,Communication Services,Entertainment,The Walt Disney Company
ARG,,,
ROST,Consumer Cyclical,Apparel Retail,"Ross Stores, Inc."
AZO,Consumer Cyclical,Auto Parts,"AutoZone, Inc."
UHS,Healthcare,Medical Care Facilities,"Universal Health Services, Inc."
CERN,,,
PDCO,,,
3%,,,
PX,Financial Services,Asset Management,"P10, Inc."
FDS,Financial Services,Financial Data & Stock Exchanges,FactSet Research Systems Inc.
UTX,,,
ORLY,Consumer Cyclical,Auto Parts,"O'Reilly Automotive, Inc."
VAL,Energy,Oil & Gas Equipment & Services,Valaris Limited
AEL,,,
ENLC,,,
ERIC,Technology,Communication Equipment,Telefonaktiebolaget LM Ericsson (publ)
NP,Financial Services,Insurance Brokers,Neptune Insurance Holdings Inc.
APCX,Technology,Software - Infrastructure,AppTech Payments Corp.
ACMP,,,
RNET,,,
PDS,Energy,Oil & Gas Drilling,Precision Drilling Corporation
VRX,,,"Valeant Pharmaceuticals International, Inc."
TSCDF,Consumer Defensive,Grocery Stores,Tesco PLC
LINE,Real Estate,REIT - Industrial,"Lineage, Inc."
ASNS,Technology,Communication Equipment,"Actelis Networks, Inc."
CRH,Basic Materials,Building Materials,CRH plc
ERJ,,,
AETUF,Energy,Oil & Gas E&P,ARC Resources Ltd.
SMLP,,,
AON,Financial Services,Insurance Brokers,Aon plc
PDLI,,,
KRFT,,,
JCI,Industrials,Building Products & Equipment,Johnson Controls International plc
RL,Consumer Cyclical,Apparel Manufacturing,Ralph Lauren Corporation
BGS,Consumer Defensive,Packaged Foods,"B&G Foods, Inc."
CATO,Consumer Cyclical,Apparel Retail,The Cato Corporation
AOZOY,Financial Services,Banks - Regional,"Aozora Bank, Ltd."
FOJCF,Utilities,Utilities - Renewable,Fortum Oyj
NZTCF,Communication Services,Telecom Services,Spark New Zealand Limited
RCL,Consumer Cyclical,Travel Services,Royal Caribbean Cruises Ltd.
OGFGF,Utilities,Utilities - Diversified,Origin Energy Limited
FOEAF,,,
NKE,Consumer Cyclical,Footwear & Accessories,"NIKE, Inc."
GES,Consumer Cyclical,Apparel Retail,"Guess?, Inc."
AZNCF,Healthcare,Drug Manufacturers - General,AstraZeneca PLC
ANR,,,
AMLP,,,Alerian MLP ETF
CNK,Communication Services,Entertainment,"Cinemark Holdings, Inc."
NLY,Real Estate,REIT - Mortgage,"Annaly Capital Management, Inc."
HPQ,Technology,Computer Hardware,HP Inc.
KMX,Consumer Cyclical,Auto & Truck Dealerships,"CarMax, Inc."
CAAP,Industrials,Airports & Air Services,Corporación América Airports S.A.
ANRO,Healthcare,Biotechnology,
AGS,,,
HI,Industrials,Specialty Industrial Machinery,"Hillenbrand, Inc."
DVN,Energy,Oil & Gas E&P,Devon Energy Corporation
NABL,Technology,Information Technology Services,"N-able, Inc."
CRHC,,,
DCBO,Technology,Software - Application,Docebo Inc.
NUAN,,,
ATW,,,
SARAQ,,,
MRC,,,
PKI,,,
ATHL,,,
TSCO,Consumer Cyclical,Specialty Retail,Tractor Supply Company
ACHC,Healthcare,Medical Care Facilities,"Acadia Healthcare Company, Inc."
ENZY,,,
KATE,,,
MCP,,,
FNSR,,,
FES,,,
STRZA,,,
MPET,,,
AMD,Technology,Semiconductors,"Advanced Micro Devices, Inc."
SPRI1,,,
PSEC,Financial Services,Asset Management,Prospect Capital Corporation
ALTR1,,,
ELA,Consumer Cyclical,Luxury Goods,Envela Corporation
ARCC,Financial Services,Asset Management,Ares Capital Corporation
NOG,Energy,Oil & Gas E&P,"Northern Oil and Gas, Inc."
HACH,,,
PBR,Energy,Oil & Gas Integrated,Petróleo Brasileiro S.A. - Petrobras
MCDT,,,
EFTD,,,
CAJ,,,
RSH,,,
ELNK,,,
HSKA,,,
EVRI,,,
RNST,Financial Services,Banks - Regional,Renasant Corporation
FIS,Technology,Information Technology Services,"Fidelity National Information Services, Inc."
WIN,,,
BR,Technology,Information Technology Services,"Broadridge Financial Solutions, Inc."
ENERQ,,,
HES,,,
MGI,,,
IXHL,Healthcare,Drug Manufacturers - Specialty & Generic,Incannex Healthcare Inc.
FCX,Basic Materials,Copper,Freeport-McMoRan Inc.
UL,Consumer Defensive,Household & Personal Products,Unilever PLC
ALTR,,,
MHLD,,,
DHI,Consumer Cyclical,Residential Construction,"D.R. Horton, Inc."
GTLS,Industrials,Specialty Industrial Machinery,"Chart Industries, Inc."
BEAV,,,
MARK,Technology,Software - Infrastructure,"Remark Holdings, Inc."
BDC,Technology,Communication Equipment,Belden Inc.
PNNT,Financial Services,Asset Management,PennantPark Investment Corporation
ATML,,,
XL,,,
ACGL,Financial Services,Insurance - Diversified,Arch Capital Group Ltd.
BHI,,,
GOOG,Communication Services,Internet Content & Information,Alphabet Inc.
TEX,Industrials,Farm & Heavy Construction Machinery,Terex Corporation
RAD,,,
MTAGF,Consumer Cyclical,Specialty Retail,Ceconomy AG
AMT,Real Estate,REIT - Specialty,American Tower Corporation
ALCO,Consumer Defensive,Farm Products,"Alico, Inc."
AMZN,Consumer Cyclical,Internet Retail,"Amazon.com, Inc."
FOXA,Communication Services,Entertainment,Fox Corporation
LOW,Consumer Cyclical,Home Improvement Retail,"Lowe's Companies, Inc."
LBTYA,Communication Services,Telecom Services,Liberty Global Ltd.
RTN,,,
LNC,Financial Services,Insurance - Life,Lincoln National Corporation
SPG,Real Estate,REIT - Retail,"Simon Property Group, Inc."
NMR,Financial Services,Capital Markets,"Nomura Holdings, Inc."
AMP,Financial Services,Asset Management,"Ameriprise Financial, Inc."
CHD,Consumer Defensive,Household & Personal Products,"Church & Dwight Co., Inc."
WTKWY,Industrials,Specialty Business Services,Wolters Kluwer N.V.
BXMT,Real Estate,REIT - Mortgage,"Blackstone Mortgage Trust, Inc."
FSFR,,,
LPT,,,
ACT,Financial Services,Insurance - Specialty,"Enact Holdings, Inc."
UNP,Industrials,Railroads,Union Pacific Corporation
AMG,Financial Services,Asset Management,"Affiliated Managers Group, Inc."
SUSQ,,,
CSQ,Financial Services,Asset Management,Calamos Strategic Total Return Fund
PRLB,Industrials,Metal Fabrication,"Proto Labs, Inc."
XLNX,,,
MPC,Energy,Oil & Gas Refining & Marketing,Marathon Petroleum Corporation
WNR,,,
HUN,Basic Materials,Chemicals,Huntsman Corporation
AZSEY,,,
XRAY,Healthcare,Medical Instruments & Supplies,DENTSPLY SIRONA Inc.
WDAY,Technology,Software - Application,"Workday, Inc."
SRE,Utilities,Utilities - Diversified,Sempra
BRCM,,,
F,Consumer Cyclical,Auto Manufacturers,Ford Motor Company
ROSE,,,
SPH,Utilities,Utilities - Regulated Gas,"Suburban Propane Partners, L.P."
LAES,Technology,Semiconductors,SEALSQ Corp
STNLW,,,
CLW,Basic Materials,Paper & Paper Products,Clearwater Paper Corporation
POST,Consumer Defensive,Packaged Foods,"Post Holdings, Inc."
ALGN,Healthcare,Medical Instruments & Supplies,"Align Technology, Inc."
ETP,,,"Energy Transfer Partners, L.P."
FFIV,Technology,Software - Infrastructure,"F5, Inc."
BCML,Financial Services,Banks - Regional,BayCom Corp
FOR,Real Estate,Real Estate - Development,Forestar Group Inc.
BP,Energy,Oil & Gas Integrated,BP p.l.c.
WLP,,,
LPI,,,
MWO,,,
WWAV,,,
ADC,Real Estate,REIT - Retail,Agree Realty Corporation
HOT,,,
CHCO,Financial Services,Banks - Regional,City Holding Company
HAS,Consumer Cyclical,Leisure,"Hasbro, Inc."
ALV,Consumer Cyclical,Auto Parts,"Autoliv, Inc."
FLY,Industrials,Aerospace & Defense,Firefly Aerospace Inc.
CPSI,,,
MXIM,,,
HMC,Consumer Cyclical,Auto Manufacturers,"Honda Motor Co., Ltd."
CYS,,,"CYS Investments, Inc."
SE,Consumer Cyclical,Internet Retail,Sea Limited
MGRC,Industrials,Rental & Leasing Services,McGrath RentCorp
LDR,,,
CBT,Basic Materials,Specialty Chemicals,Cabot Corporation
YHOO,,,
CY,,,
CNSL,,,
FFBC,Financial Services,Banks - Regional,First Financial Bancorp.
MTSC,,,
TAL,Consumer Defensive,Education & Training Services,TAL Education Group
UMPQ,,,
HTS,,,
JCOM,,,
IEX,Industrials,Specialty Industrial Machinery,IDEX Corporation
HNI,Consumer Cyclical,"Furnishings, Fixtures & Appliances",HNI Corporation
VVC,,,Vectren Corporation
PWE,,,
PACW,,,
CLNY,,,
CTBI,Financial Services,Banks - Regional,"Community Trust Bancorp, Inc."
RPM,Basic Materials,Specialty Chemicals,RPM International Inc.
AIDA1,,,
WWW,Consumer Cyclical,Footwear & Accessories,"Wolverine World Wide, Inc."
BPAQF,Energy,Oil & Gas Integrated,BP p.l.c.
ASCMA,,,
GNC,,,
TXN,Technology,Semiconductors,Texas Instruments Incorporated
SWN,,,
SUNE,Technology,Solar,SUNation Energy Inc.
HASI,Financial Services,Asset Management,"HA Sustainable Infrastructure Capital, Inc."
SYT,,,
BMI,Technology,Scientific & Technical Instruments,"Badger Meter, Inc."
ERII,Industrials,Pollution & Treatment Controls,"Energy Recovery, Inc."
FLTX,,,
RAVN,,,
CCC,Technology,Software - Application,CCC Intelligent Solutions Holdings Inc.
SSNI,,,
NES,,,
VMI,Industrials,Conglomerates,"Valmont Industries, Inc."
SZYM,,,
CBI,,,
MYRG,Industrials,Engineering & Construction,MYR Group Inc.
AYI,Industrials,Electrical Equipment & Parts,Acuity Inc.
SPWR,Technology,Solar,SunPower Inc.
ABB,,,
CREE,,,
FSLR,Technology,Solar,"First Solar, Inc."
MIXT,,,
B13WZ26,,,
CDA,,,
B0T4J94,,,
B5NC0D0,,,
TDY,Technology,Scientific & Technical Instruments,Teledyne Technologies Incorporated
ACTV1,,,
THX,,,
BLMN,Consumer Cyclical,Restaurants,"Bloomin' Brands, Inc."
STZ-B,,,
GBDC,Financial Services,Asset Management,"Golub Capital BDC, Inc."
NMFC,Financial Services,Asset Management,New Mountain Finance Corporation
WSM,Consumer Cyclical,Specialty Retail,"Williams-Sonoma, Inc."
TSO,,,
CSIQ,Technology,Solar,Canadian Solar Inc.
SWK,Industrials,Tools & Accessories,"Stanley Black & Decker, Inc."
MAN,Industrials,Staffing & Employment Services,ManpowerGroup Inc.
HUB.B,,,Hubble Invest SICAV
MCO,Financial Services,Financial Data & Stock Exchanges,Moody's Corporation
JBL,Technology,Electronic Components,Jabil Inc.
ADT1,,,
ESS,Real Estate,REIT - Residential,"Essex Property Trust, Inc."
ICLR,Healthcare,Diagnostics & Research,ICON Public Limited Company
NAVI,Financial Services,Credit Services,Navient Corporation
GXP,,,
NGHC,,,
CTRX,,,
CRVO,Healthcare,Biotechnology,CervoMed Inc.
BEN,Financial Services,Asset Management,"Franklin Resources, Inc."
BDN,Real Estate,REIT - Office,Brandywine Realty Trust
PPR,,,
WIFI,,,
NRP,Energy,Thermal Coal,Natural Resource Partners L.P.
CION,Financial Services,Asset Management,CION Investment Corporation
FHN,Financial Services,Banks - Regional,First Horizon Corporation
HDS,,,
BX,Financial Services,Asset Management,Blackstone Inc.
IRDM,Communication Services,Telecom Services,Iridium Communications Inc.
EA,Communication Services,Electronic Gaming & Multimedia,Electronic Arts Inc.
JET,,,
AUMA,,,
CSX,Industrials,Railroads,CSX Corporation
DNOW,Industrials,Industrial Distribution,DNOW Inc.
KMPR,Financial Services,Insurance - Property & Casualty,Kemper Corporation
USB.PN,,,
NXPI,Technology,Semiconductors,NXP Semiconductors N.V.
MFA,Real Estate,REIT - Mortgage,"MFA Financial, Inc."
WPG,,,
GLD,,,SPDR Gold Shares
HPE,Technology,Communication Equipment,Hewlett Packard Enterprise Company
RNWK,,,
HTZ,Industrials,Rental & Leasing Services,"Hertz Global Holdings, Inc."
GNW,Financial Services,Insurance - Life,"Genworth Financial, Inc."
AFL,Financial Services,Insurance - Life,Aflac Incorporated
WOLWF,Consumer Defensive,Grocery Stores,Woolworths Group Limited
ITOCF,Industrials,Conglomerates,ITOCHU Corporation
HIG,Financial Services,Insurance - Diversified,"The Hartford Insurance Group, Inc."
LGP,,,
UCIA,,,
SU,Energy,Oil & Gas Integrated,Suncor Energy Inc.
ESV,,,
TS,Energy,Oil & Gas Equipment & Services,Tenaris S.A.
CIG,Utilities,Utilities - Diversified,Companhia Energética de Minas Gerais - CEMIG
RIO,Basic Materials,Other Industrial Metals & Mining,Rio Tinto Group
SSYS,Technology,Computer Hardware,Stratasys Ltd.
AGU,,,
INFY,Technology,Information Technology Services,Infosys Limited
KMR,,,
ASX,Technology,Semiconductors,"ASE Technology Holding Co., Ltd."
ALLE,Industrials,Security & Protection Services,Allegion plc
TTM,,,
BG,Consumer Defensive,Farm Products,Bunge Global SA
CNQ,Energy,Oil & Gas E&P,Canadian Natural Resources Limited
IDCBY,Financial Services,Banks - Diversified,Industrial and Commercial Bank of China Limited
VIXY,,,ProShares VIX Short-Term Futures ETF
DBP,,,Invesco DB Precious Metals Fund
PFS,Financial Services,Banks - Regional,"Provident Financial Services, Inc."
BAM,Financial Services,Asset Management,Brookfield Asset Management Ltd.
CIT,,,
UN,,,
NPSNY,Consumer Cyclical,Internet Retail,Naspers Limited
VALE,Basic Materials,Other Industrial Metals & Mining,Vale S.A.
PEGFF,,,
FANUY,Industrials,Specialty Industrial Machinery,Fanuc Corporation
PRE,Healthcare,Diagnostics & Research,Prenetics Global Limited
IR,Industrials,Specialty Industrial Machinery,Ingersoll Rand Inc.
TCK,,,
NBR,Energy,Oil & Gas Drilling,Nabors Industries Ltd.
AAGIY,Financial Services,Insurance - Life,AIA Group Limited
CCCGY,,,
ITUB,Financial Services,Banks - Regional,Itaú Unibanco Holding S.A.
DNFGY,Consumer Cyclical,Auto Manufacturers,Dongfeng Motor Group Company Limited
CAOVY,Real Estate,Real Estate - Development,China Overseas Land & Investment Limited
CNI,Industrials,Railroads,Canadian National Railway Company
CICHY,Financial Services,Banks - Diversified,China Construction Bank Corporation
UBS,Financial Services,Banks - Diversified,UBS Group AG
MS,Financial Services,Capital Markets,Morgan Stanley
NE,Energy,Oil & Gas Drilling,Noble Corporation plc
NST,,,
CISS,Industrials,Marine Shipping,C3is Inc.
HTEI,,,
CEMCF,,,
KORS,,,Michael Kors Holdings Limited
OPY,Financial Services,Capital Markets,Oppenheimer Holdings Inc.
MTW,Industrials,Farm & Heavy Construction Machinery,"The Manitowoc Company, Inc."
INF,,,
SYK,Healthcare,Medical Devices,Stryker Corporation
TTM-R,,,
CPA,Industrials,Airlines,"Copa Holdings, S.A."
CORE,,,
APA,Energy,Oil & Gas E&P,APA Corporation
WTS,Industrials,Specialty Industrial Machinery,"Watts Water Technologies, Inc."
MRD,,,
OTEX,Technology,Software - Application,Open Text Corporation
AKRX,,,
TCAP,,,Triangle Capital Corporation
LMGEX,,,Franklin International Equity C
HFC,,,
WMT,Consumer Defensive,Discount Stores,Walmart Inc.
MPW,Real Estate,REIT - Healthcare Facilities,"Medical Properties Trust, Inc."
ROC,,,
WY,Real Estate,REIT - Specialty,Weyerhaeuser Company
PNM,,,
CMO,,,
SBGI,Communication Services,Broadcasting,"Sinclair, Inc."
AIT,Industrials,Industrial Distribution,"Applied Industrial Technologies, Inc."
WCN,Industrials,Waste Management,"Waste Connections, Inc."
ROP,Technology,Software - Application,"Roper Technologies, Inc."
UNFI,Consumer Defensive,Food Distribution,"United Natural Foods, Inc."
RNDY,,,
YRAIF,Basic Materials,Agricultural Inputs,Yara International ASA
LOLI,,,
SNGNF,Communication Services,Telecom Services,Singapore Telecommunications Limited
FFKT,,,Farmers Capital Bank Corporation
RCS,Financial Services,Asset Management,"PIMCO Strategic Income Fund, Inc."
CNP,Utilities,Utilities - Regulated Electric,"CenterPoint Energy, Inc."
COG,,,
NCMGF,,,
NTI,,,
TELNF,Communication Services,Telecom Services,Telenor ASA
IPHS,,,
NFX,,,Newfield Exploration Company
PETM,,,
DVFAX,,,"Cohen & Steers Alternative Income Fund, Inc."
TMST,,,
AREX,,,
CTS,Technology,Electronic Components,CTS Corporation
TKC,Communication Services,Telecom Services,Turkcell Iletisim Hizmetleri A.S.
AIZ,Financial Services,Insurance - Property & Casualty,"Assurant, Inc."
SHPG,,,Shire plc
PKG,Consumer Cyclical,Packaging & Containers,Packaging Corporation of America
DHOM,,,
EDAC,,,
DD1,,,
TGP,,,
CFX,,,
CCJ,Energy,Uranium,Cameco Corporation
SCHE,,,Schwab Emerging Markets Equity ETF
SCHZ,,,Schwab U.S. Aggregate Bond ETF
PHB,,,Invesco Fundamental High Yield Corporate Bond ETF
SCHF,,,Schwab International Equity ETF
BWX,,,SPDR Bloomberg International Treasury Bond ETF
TWTR,,,
ARE,Real Estate,REIT - Office,"Alexandria Real Estate Equities, Inc."
GRMN,Technology,Scientific & Technical Instruments,Garmin Ltd.
WASH,Financial Services,Banks - Regional,"Washington Trust Bancorp, Inc."
EPR,Real Estate,REIT - Specialty,EPR Properties
PBCT,,,
STE,Healthcare,Medical Devices,STERIS plc
HCC,Basic Materials,Coking Coal,"Warrior Met Coal, Inc."
BTE,Energy,Oil & Gas E&P,Baytex Energy Corp.
PL,Industrials,Aerospace & Defense,Planet Labs PBC
MLPRX,,,Invesco SteelPath MLP Income C
SNA,Industrials,Tools & Accessories,Snap-on Incorporated
HTGC,Financial Services,Asset Management,"Hercules Capital, Inc."
LECO,Industrials,Tools & Accessories,"Lincoln Electric Holdings, Inc."
HSIC,Healthcare,Medical Distribution,"Henry Schein, Inc."
PGH,,,
BMR,Technology,Software - Application,Beamr Imaging Ltd.
BWA,Consumer Cyclical,Auto Parts,BorgWarner Inc.
PPG,Basic Materials,Specialty Chemicals,"PPG Industries, Inc."
MLYNF,Financial Services,Banks - Regional,Malayan Banking Berhad
BIOA,Healthcare,Drug Manufacturers - Specialty & Generic,"BioAge Labs, Inc."
GD,Industrials,Aerospace & Defense,General Dynamics Corporation
RYAM,Basic Materials,Chemicals,Rayonier Advanced Materials Inc.
VWO,,,Vanguard Emerging Markets Stock Index Fund
EEM,,,iShares MSCI Emerging Markets ETF
XRT,,,State Street SPDR S&P Retail ETF
HR,Real Estate,REIT - Healthcare Facilities,Healthcare Realty Trust Incorporated
MYL,,,
RMBS,Technology,Semiconductors,Rambus Inc.
RUK,,,
SNV,Financial Services,Banks - Regional,Synovus Financial Corp.
MMLP,Energy,Oil & Gas Midstream,Martin Midstream Partners L.P.
STJ,,,
DLTR,Consumer Defensive,Discount Stores,"Dollar Tree, Inc."
SAIC,Technology,Information Technology Services,Science Applications International Corporation
TEP,,,"Tallgrass Energy Partners, LP"
CB,Financial Services,Insurance - Property & Casualty,Chubb Limited
DISH,,,
IRM,Real Estate,REIT - Specialty,Iron Mountain Incorporated
PAA,Energy,Oil & Gas Midstream,"Plains All American Pipeline, L.P."
WU,Financial Services,Credit Services,The Western Union Company
NI,Utilities,Utilities - Regulated Gas,NiSource Inc.
PAGP,Energy,Oil & Gas Midstream,"Plains GP Holdings, L.P."
ETE,,,"Energy Transfer Equity, L.P."
SEMG,,,Suncoast Select Growth ETF
TRGP,Energy,Oil & Gas Midstream,Targa Resources Corp.
OSRN DE,,,
GLW,Technology,Electronic Components,Corning Incorporated
ADT,Industrials,Security & Protection Services,ADT Inc.
ASH,Basic Materials,Specialty Chemicals,Ashland Inc.
AKCPF,,,
IQNT,,,
HRL,Consumer Defensive,Packaged Foods,Hormel Foods Corporation
BTO,Financial Services,Asset Management,John Hancock Financial Opportunities Fund
MBLY,Consumer Cyclical,Auto Parts,Mobileye Global Inc.
WGP,,,
AGN1,,,
SON,Consumer Cyclical,Packaging & Containers,Sonoco Products Company
VTTI,,,
DBD,Technology,Software - Application,"Diebold Nixdorf, Incorporated"
CYBX,,,
ILF,,,iShares Latin America 40 ETF
IXP,,,iShares Global Comm Services ETF
SDY,,,State Street SPDR S&P Dividend ETF
DWX,,,State Street SPDR S&P International Dividend ETF
EPP,,,iShares MSCI Pacific ex Japan ETF
IDV,,,iShares International Select Dividend ETF
MXA,,,
USAC,Energy,Oil & Gas Equipment & Services,"USA Compression Partners, LP"
IJH,,,iShares Core S&P Mid-Cap ETF
RSP,,,Invesco S&P 500 Equal Weight ETF
SYF,Financial Services,Credit Services,Synchrony Financial
INZ,,,
NUE,Basic Materials,Steel,Nucor Corporation
GSJK,,,
MX,Technology,Semiconductors,Magnachip Semiconductor Corporation
BCS,Financial Services,Banks - Diversified,Barclays PLC
AONC,Healthcare,Medical Care Facilities,"American Oncology Network, Inc."
SPLK,,,
TAP,Consumer Defensive,Beverages - Brewers,Molson Coors Beverage Company
FEYE,,,
LNXW,,,Lenox Wealth Management Inc
PBI,Industrials,Integrated Freight & Logistics,Pitney Bowes Inc.
ASML,Technology,Semiconductor Equipment & Materials,ASML Holding N.V.
BN7Q3G8,,,
LMCK,,,
CCI,Real Estate,REIT - Specialty,Crown Castle Inc.
NLSN,,,
SCHA,,,Schwab U.S. Small-Cap ETF
FTR,,,
BABA,Consumer Cyclical,Internet Retail,Alibaba Group Holding Limited
MEMP,,,
SAN,Financial Services,Banks - Diversified,"Banco Santander, S.A."
MON,,,
ASBRF,Consumer Defensive,Beverages - Brewers,"Asahi Group Holdings, Ltd."
CDK,,,
ORI,Financial Services,Insurance - Property & Casualty,Old Republic International Corporation
SDRL,Energy,Oil & Gas Drilling,Seadrill Limited
GARPF,Consumer Defensive,Farm Products,Golden Agri-Resources Ltd
AKO-A,Consumer Defensive,Beverages - Non-Alcoholic,Embotelladora Andina S.A.
EEFT,Technology,Software - Infrastructure,"Euronet Worldwide, Inc."
GG,,,
TTWO,Communication Services,Electronic Gaming & Multimedia,"Take-Two Interactive Software, Inc."
AZPN,,,
CLX,Consumer Defensive,Household & Personal Products,The Clorox Company
SGBK,,,
XYL,Industrials,Specialty Industrial Machinery,Xylem Inc.
PEG,Utilities,Utilities - Regulated Electric,Public Service Enterprise Group Incorporated
SCHX,,,Schwab U.S. Large-Cap ETF
HXL,Industrials,Aerospace & Defense,Hexcel Corporation
DECK,Consumer Cyclical,Footwear & Accessories,Deckers Outdoor Corporation
GNTX,Consumer Cyclical,Auto Parts,Gentex Corporation
XEC,,,
DRAD,,,
MTDR,Energy,Oil & Gas E&P,Matador Resources Company
AMH1,,,
ABX,Financial Services,Insurance - Life,"Abacus Global Management, Inc."
COO,Healthcare,Medical Instruments & Supplies,"The Cooper Companies, Inc."
AAIN,,,
BCOR,,,Grayscale Bitcoin Adopters ETF
ENTR,,,ERShares Private-Public Crossover ETF
ELX,,,
SFLY,,,"Shutterfly, Inc."
TRMB,Technology,Scientific & Technical Instruments,Trimble Inc.
ACIW,Technology,Software - Infrastructure,"ACI Worldwide, Inc."
ATI,Industrials,Metal Fabrication,ATI Inc.
KN,Technology,Electronic Components,Knowles Corporation
MWIV,,,
TMH,,,Precidian ETFs Trust - Toyota Motor Corporation ADRhedged
LQ,,,
KEX,Industrials,Marine Shipping,Kirby Corporation
RJF,Financial Services,Asset Management,"Raymond James Financial, Inc."
CIEN,Technology,Communication Equipment,Ciena Corporation
TCBI,Financial Services,Banks - Regional,"Texas Capital Bancshares, Inc."
PLI1,,,
HFWA,Financial Services,Banks - Regional,Heritage Financial Corporation
RXN,,,
WBA,,,
POOL,Industrials,Industrial Distribution,Pool Corporation
ZION,Financial Services,Banks - Regional,"Zions Bancorporation, National Association"
TDS,Communication Services,Telecom Services,"Telephone and Data Systems, Inc."
HCP,,,
VNQ,,,Vanguard Real Estate Index Fund ETF Shares
LVLT,,,
VIV,Communication Services,Telecom Services,Telefônica Brasil S.A.
ABDC,,,
BAX,Healthcare,Medical Instruments & Supplies,Baxter International Inc.
PTMK,,,
ZNGA,,,
MFCDX,,,Cromwell Marketfield L/S C
TFX,Healthcare,Medical Instruments & Supplies,Teleflex Incorporated
ACC,,,
RYN,Real Estate,REIT - Specialty,Rayonier Inc.
MCC,,,
MDLZ,Consumer Defensive,Confectioners,"Mondelez International, Inc."
PNQI,,,Invesco NASDAQ Internet ETF
SPLS,,,PIMCO US Stocks PLUS Active Bond Exchange Traded Fund
TROX,Basic Materials,Chemicals,Tronox Holdings plc
TASR,,,
HYH,,,"Halyard Health, Inc."
CEA,,,
CIR,,,
OLN,Basic Materials,Chemicals,Olin Corporation
SNDK,Technology,Computer Hardware,Sandisk Corporation
WPC,Real Estate,REIT - Diversified,W. P. Carey Inc.
ANTE,,,
BYI,,,
HGH,,,
BRK-A,Financial Services,Insurance - Diversified,Berkshire Hathaway Inc.
BTF,,,CoinShares Bitcoin and Ether ETF
ORIT,,,
NTRS,Financial Services,Asset Management,Northern Trust Corporation
EDR,,,
LBRDK,Communication Services,Telecom Services,Liberty Broadband Corporation
SAGI,,,
DENN,Consumer Cyclical,Restaurants,Denny's Corporation
TRS,Consumer Cyclical,Packaging & Containers,TriMas Corporation
ETG,Financial Services,Asset Management,Eaton Vance Tax-Advantaged Global Dividend Income Fund
HTD,Financial Services,Asset Management,John Hancock Tax-Advantaged Dividend Income Fund
EOAN,,,
SDOT,Consumer Defensive,Farm Products,Sadot Group Inc.
FET,Energy,Oil & Gas Equipment & Services,"Forum Energy Technologies, Inc."
CSAL,,,
AOZOF,Financial Services,Banks - Regional,"Aozora Bank, Ltd."
EFA,,,iShares MSCI EAFE ETF
MDY,,,State Street SPDR S&P MIDCAP 400 ETF Trust
IWD,,,iShares Russell 1000 Value ETF
EMLC,,,VanEck J.P. Morgan EM Local Currency Bond ETF
FLRN,,,State Street SPDR Bloomberg Investment Grade Floating Rate ETF
IWM,,,iShares Russell 2000 ETF
QAI,,,NYLI Hedge Multi-Strategy Tracker ETF
AGG,,,iShares Core U.S. Aggregate Bond ETF
IWF,,,iShares Russell 1000 Growth ETF
JNK,,,State Street SPDR Bloomberg High Yield Bond ETF
MDDVX,,,BlackRock Equity Dividend Fund
WASCX,,,Nomura Asset Strategy Fund Cl C
HCA,Healthcare,Medical Care Facilities,"HCA Healthcare, Inc."
MIK,,,
UPL,,,
SSL,Basic Materials,Specialty Chemicals,Sasol Limited
ELPC,Utilities,Utilities - Regulated Electric,
PNR,Industrials,Specialty Industrial Machinery,Pentair plc
TOLLX,,,DWS RREEF Global Infrastructure A
LNCO,,,
ACEIX,,,Invesco Equity and Income A
VGRAX,,,Invesco Mid Cap Growth Fund Class A
CPN,,,
VILLX,,,Villere Balanced Inv
PSTR,,,PeakShares Sector Rotation ETF
ADUS,Healthcare,Medical Care Facilities,Addus HomeCare Corporation
TDA,,,
VPFG,,,
PXD,,,
QUNR,,,
BURFX,,,Burnham Financial Long/Short A
LTXB,,,"LegacyTexas Financial Group, Inc."
TRIP,Consumer Cyclical,Travel Services,"Tripadvisor, Inc."
FCNCB,Financial Services,Banks - Regional,"First Citizens BancShares, Inc."
FCNCA,Financial Services,Banks - Regional,"First Citizens BancShares, Inc."
MDLY,,,
DEL,,,
KMG,,,"KMG Chemicals, Inc."
TCS,,,
SHY,,,iShares 1-3 Year Treasury Bond ETF
PCY,,,Invesco Emerging Markets Sovereign Debt ETF
AM,Energy,Oil & Gas Midstream,Antero Midstream Corporation
NOC,Industrials,Aerospace & Defense,Northrop Grumman Corporation
FVD,,,First Trust Value Line Dividend Index Fund
AAN,,,
FBT,,,First Trust NYSE Arca Biotechnology Index Fund
FTA,,,First Trust Large Cap Value AlphaDEX Fund
FXH,,,First Trust Health Care AlphaDEX Fund
FXG,,,First Trust Consumer Staples AlphaDEX Fund
FXD,,,First Trust Consumer Discretionary AlphaDEX Fund
FDN,,,First Trust Dow Jones Internet Index Fund
FOE,,,
EMB,,,iShares J.P. Morgan USD Emerging Markets Bond ETF
CRC,Energy,Oil & Gas E&P,California Resources Corporation
IBDY,,,iShares iBonds Dec 2033 Term Corporate ETF
TMS,,,
LLTC,,,
BETE,,,Proshares Bitcoin & Ether Equal Weight ETF
URIRP,,,
ISHC,,,
SPY,,,State Street SPDR S&P 500 ETF Trust
MTD,Healthcare,Diagnostics & Research,Mettler-Toledo International Inc.
BK,Financial Services,Banks - Diversified,The Bank of New York Mellon Corporation
VSLR,,,
ZTS,Healthcare,Drug Manufacturers - Specialty & Generic,Zoetis Inc.
AR,Energy,Oil & Gas E&P,Antero Resources Corporation
BPL,,,
AHT,Real Estate,REIT - Hotel & Motel,"Ashford Hospitality Trust, Inc."
HBI,,,
EEI,,,
FR,Real Estate,REIT - Industrial,"First Industrial Realty Trust, Inc."
SPB,Consumer Defensive,Household & Personal Products,"Spectrum Brands Holdings, Inc."
PMFG,,,
XLI,,,State Street Industrial Select Sector SPDR ETF
VNR,,,
HW,,,
ITC,,,
APAGF,,,
XLV,,,State Street Health Care Select Sector SPDR ETF
SCHP,,,Schwab U.S. TIPS ETF
WOR,Industrials,Metal Fabrication,"Worthington Enterprises, Inc."
GME,Consumer Cyclical,Specialty Retail,GameStop Corp.
QQQ,,,Invesco QQQ Trust
XLU,,,State Street Utilities Select Sector SPDR ETF
CS,,,
APWC,Industrials,Electrical Equipment & Parts,Asia Pacific Wire & Cable Corporation Limited
TSS,,,
HSBA,,,
AXTA,Basic Materials,Specialty Chemicals,Axalta Coating Systems Ltd.
CPHD,,,
WPP,Communication Services,Advertising Agencies,WPP plc
APXI,,,
CCLN,,,
IMP,,,
EVEX,Industrials,Aerospace & Defense,"Eve Holding, Inc."
ONON,Consumer Cyclical,Footwear & Accessories,On Holding AG
EIR,,,
GCVRZ,,,
NTEST,,,
SUGP,Industrials,Security & Protection Services,SU Group Holdings Limited
MTU,,,
WPZ,,,Williams Partners L.P.
LAZ,Financial Services,Capital Markets,"Lazard, Inc."
MACM,,,
CE,Basic Materials,Chemicals,Celanese Corporation
NICE,Technology,Software - Application,NICE Ltd.
ETFC,,,
CBRL,Consumer Cyclical,Restaurants,"Cracker Barrel Old Country Store, Inc."
VMW,,,
ADBE,Technology,Software - Application,Adobe Inc.
AKAM,Technology,Software - Infrastructure,"Akamai Technologies, Inc."
RRC,Energy,Oil & Gas E&P,Range Resources Corporation
UA,Consumer Cyclical,Apparel Manufacturing,"Under Armour, Inc."
SHW,Basic Materials,Specialty Chemicals,The Sherwin-Williams Company
ILMN,Healthcare,Diagnostics & Research,"Illumina, Inc."
ICE,Financial Services,Financial Data & Stock Exchanges,"Intercontinental Exchange, Inc."
ULTA,Consumer Cyclical,Specialty Retail,"Ulta Beauty, Inc."
DG,Consumer Defensive,Discount Stores,Dollar General Corporation
CAG,Consumer Defensive,Packaged Foods,"Conagra Brands, Inc."
WOOF,Consumer Cyclical,Specialty Retail,"Petco Health and Wellness Company, Inc."
IPG,,,
TSLA,Consumer Cyclical,Auto Manufacturers,"Tesla, Inc."
XLS.WI,,,
ITW,Industrials,Specialty Industrial Machinery,Illinois Tool Works Inc.
SGY,,,
KWR,Basic Materials,Specialty Chemicals,Quaker Chemical Corporation
SPSC,Technology,Software - Application,"SPS Commerce, Inc."
EPAY,,,
MFRM,,,
LOCK,,,
TNGO,,,
HUBG,Industrials,Integrated Freight & Logistics,"Hub Group, Inc."
TECH,Healthcare,Biotechnology,Bio-Techne Corporation
MG,Industrials,Security & Protection Services,"Mistras Group, Inc."
WAGE,,,
POWI,Technology,Semiconductors,"Power Integrations, Inc."
LSTR,Industrials,Integrated Freight & Logistics,"Landstar System, Inc."
HF,,,DGA Core Plus Absolute Return ETF
ATRO,Industrials,Aerospace & Defense,Astronics Corporation
TUMI,,,
WST,Healthcare,Medical Instruments & Supplies,"West Pharmaceutical Services, Inc."
FNGN,,,
THRM,Consumer Cyclical,Auto Parts,Gentherm Incorporated
IPCM,,,
TXRH,Consumer Cyclical,Restaurants,"Texas Roadhouse, Inc."
HEI,Industrials,Aerospace & Defense,HEICO Corporation
BCPC,Basic Materials,Specialty Chemicals,Balchem Corporation
THS,Consumer Defensive,Packaged Foods,"TreeHouse Foods, Inc."
RBA,Industrials,Specialty Business Services,"RB Global, Inc."
CHEF,Consumer Defensive,Food Distribution,"The Chefs' Warehouse, Inc."
PRIM,Industrials,Engineering & Construction,Primoris Services Corporation
CMN,,,
BIO,Healthcare,Medical Devices,"Bio-Rad Laboratories, Inc."
QLIK,,,
PBH,Healthcare,Drug Manufacturers - Specialty & Generic,Prestige Consumer Healthcare Inc.
FMBI,,,
PEB,Real Estate,REIT - Hotel & Motel,Pebblebrook Hotel Trust
OMCL,Healthcare,Health Information Services,"Omnicell, Inc."
IART,Healthcare,Medical Devices,Integra LifeSciences Holdings Corporation
PLKI,,,
SXT,Basic Materials,Specialty Chemicals,Sensient Technologies Corporation
CVLT,Technology,Software - Application,"Commvault Systems, Inc."
SIGI,Financial Services,Insurance - Property & Casualty,"Selective Insurance Group, Inc."
CLC,,,
RRTS,Industrials,Trucking,"Roadrunner Transportation Systems, Inc."
VSI,,,
PRAA,Financial Services,Credit Services,"PRA Group, Inc."
MNRO,Consumer Cyclical,Auto Parts,"Monro, Inc."
AAON,Industrials,Building Products & Equipment,"AAON, Inc."
NSR,,,
TYPE,,,
SMTC,Technology,Semiconductors,Semtech Corporation
HLX,Energy,Oil & Gas Equipment & Services,"Helix Energy Solutions Group, Inc."
CRZO,,,
SQI,,,
ICUI,Healthcare,Medical Instruments & Supplies,"ICU Medical, Inc."
DFRG,,,
SWI,,,
GMED,Healthcare,Medical Devices,"Globus Medical, Inc."
CTRL,,,
SSB,Financial Services,Banks - Regional,SouthState Bank Corporation
MDCA,,,
WAL,Financial Services,Banks - Regional,Western Alliance Bancorporation
JJSF,Consumer Defensive,Packaged Foods,J&J Snack Foods Corp.
OFC,,,
ICON,Industrials,Marine Shipping,Icon Energy Corp.
PLT,,,Defiance Leveraged Long + Income PLTR ETF
AMSG,,,
TTC,Industrials,Tools & Accessories,The Toro Company
ALE,Utilities,Utilities - Diversified,"ALLETE, Inc."
HCSG,Healthcare,Medical Care Facilities,"Healthcare Services Group, Inc."
PRA,Financial Services,Insurance - Property & Casualty,ProAssurance Corporation
BERY,,,
CGNX,Technology,Scientific & Technical Instruments,Cognex Corporation
LL,,,
DIOD,Technology,Semiconductors,Diodes Incorporated
ROLL,,,
EGBN,Financial Services,Banks - Regional,"Eagle Bancorp, Inc."
ABCO,,,
SHOO,Consumer Cyclical,Footwear & Accessories,"Steven Madden, Ltd."
MASI,Healthcare,Medical Devices,Masimo Corporation
BLT,,,
CTB,,,
IYT,,,iShares Transportation Average ETF
TCOIX,,,Nuveen Lifecycle 2040 R6
TISBX,,,Nuveen Small Cap Blend Idx R6
SMEZ,,,SPDR EURO STOXX Small Cap ETF
DISCA,,,
LB1,,,
PN,Technology,Solar,Skycorp Solar Group Ltd
AMAT,Technology,Semiconductor Equipment & Materials,"Applied Materials, Inc."
INRD,,,
WMS,Industrials,Building Products & Equipment,"Advanced Drainage Systems, Inc."
ETY,Financial Services,Asset Management,Eaton Vance Tax-Managed Diversified Equity Income Fund
AIRE,Real Estate,Real Estate Services,reAlpha Tech Corp.
PAMT,Industrials,Trucking,PAMT CORP
STEX,Financial Services,Capital Markets,Streamex Corp.
EAT,Consumer Cyclical,Restaurants,"Brinker International, Inc."
CCLP,,,
MATX,Industrials,Marine Shipping,"Matson, Inc."
PRPFX,,,Permanent Portfolio Permanent I
MDU,Utilities,Utilities - Regulated Gas,"MDU Resources Group, Inc."
HSY,Consumer Defensive,Confectioners,The Hershey Company
SRF,,,
ERIE,Financial Services,Insurance Brokers,Erie Indemnity Company
WSH,,,
ODFL,Industrials,Trucking,"Old Dominion Freight Line, Inc."
RYL,,,
CHKP,Technology,Software - Infrastructure,Check Point Software Technologies Ltd.
MOS,Basic Materials,Agricultural Inputs,The Mosaic Company
ELRC,,,
FSS,Industrials,Pollution & Treatment Controls,Federal Signal Corporation
FOX,Communication Services,Entertainment,Fox Corporation
SYY,Consumer Defensive,Food Distribution,Sysco Corporation
VPG,Technology,Scientific & Technical Instruments,"Vishay Precision Group, Inc."
OMN,,,
ITRI,Technology,Scientific & Technical Instruments,"Itron, Inc."
MNK,,,
KKR,Financial Services,Asset Management,KKR & Co. Inc.
PGR,Financial Services,Insurance - Property & Casualty,The Progressive Corporation
EXPD,Industrials,Integrated Freight & Logistics,"Expeditors International of Washington, Inc."
PCAR,Industrials,Farm & Heavy Construction Machinery,PACCAR Inc
DTE,Utilities,Utilities - Regulated Electric,DTE Energy Company
DQ,Technology,Semiconductor Equipment & Materials,Daqo New Energy Corp.
TFM,,,
APO,Financial Services,Asset Management,"Apollo Global Management, Inc."
IPKW,,,Invesco International BuyBack Achievers ETF
SVU,,,SUPERVALU INC.
CUAEF,Energy,Thermal Coal,China Shenhua Energy Company Limited
TBVPF,Consumer Defensive,Beverages - Wineries & Distilleries,Thai Beverage Public Company Limited
GRX,Financial Services,Asset Management,The Gabelli Healthcare & Wellness Trust
^RGP,,,
FLT,,,
UNT,,,
WRB,Financial Services,Insurance - Property & Casualty,W. R. Berkley Corporation
TBF,,,ProShares Short 20+ Year Treasury
NBN,Financial Services,Banks - Regional,Northeast Bank
GVP,,,
IBKC,,,
TEGP,,,"Tallgrass Energy GP, LP"
SLY,,,SPDR S&P 600 Small Cap ETF
GPC,Consumer Cyclical,Auto Parts,Genuine Parts Company
VRTX,Healthcare,Biotechnology,Vertex Pharmaceuticals Incorporated
SNR,,,
AXLL,,,
EQGP,,,"EQGP Holdings, LP"
RF,Financial Services,Banks - Regional,Regions Financial Corporation
MU,Technology,Semiconductors,"Micron Technology, Inc."
STWD,Real Estate,REIT - Mortgage,"Starwood Property Trust, Inc."
DNR,,,
MMSI,Healthcare,Medical Instruments & Supplies,"Merit Medical Systems, Inc."
MPX,Consumer Cyclical,Recreational Vehicles,Marine Products Corporation
GIFI,Industrials,Metal Fabrication,"Gulf Island Fabrication, Inc."
LEN,Consumer Cyclical,Residential Construction,Lennar Corporation
SGMA,,,
CAW,,,
DAKT,Technology,Electronic Components,"Daktronics, Inc."
OAK,,,
NYLD,,,"Clearway Energy, Inc."
CGO,Financial Services,Asset Management,Calamos Global Total Return Fund
ANTM,,,
CMG,Consumer Cyclical,Restaurants,"Chipotle Mexican Grill, Inc."
TDCX,,,
CRTO,Communication Services,Advertising Agencies,Criteo S.A.
BSVN,Financial Services,Banks - Regional,Bank7 Corp.
OCFT,,,
SUI,Real Estate,REIT - Residential,"Sun Communities, Inc."
AXE,,,
BUNT.RP,,,
IMS,,,
LSCC,Technology,Semiconductors,Lattice Semiconductor Corporation
PFG,Financial Services,Asset Management,"Principal Financial Group, Inc."
TOO,,,
TK,Energy,Oil & Gas Midstream,Teekay Corporation Ltd.
STAG,Real Estate,REIT - Industrial,"STAG Industrial, Inc."
PAY,Technology,Software - Infrastructure,"Paymentus Holdings, Inc."
CVC,,,
AGN,,,
CTXS,,,
PRU,Financial Services,Insurance - Life,"Prudential Financial, Inc."
AET,,,Aetna Inc.
CVG,,,Convergys Corporation
KTO,,,
ESL,,,
DISCK,,,
LTD,,,
ERTS,,,
ATER,Consumer Cyclical,"Furnishings, Fixtures & Appliances","Aterian, Inc."
KHC,Consumer Defensive,Packaged Foods,The Kraft Heinz Company
VTEX,Technology,Software - Application,VTEX
MSM,Industrials,Industrial Distribution,"MSC Industrial Direct Co., Inc."
CAFD,,,
SBUX.SW,,,
TLSRP,,,
APD,Basic Materials,Specialty Chemicals,"Air Products and Chemicals, Inc."
OAKIX,,,Oakmark International Investor
AFTEX,,,American Funds Tax-Exempt Bond A
NWN,Utilities,Utilities - Regulated Gas,Northwest Natural Holding Company
PYPL,Financial Services,Credit Services,"PayPal Holdings, Inc."
VOT,,,Vanguard Mid-Cap Growth Index Fund ETF Shares
LUV,Industrials,Airlines,Southwest Airlines Co.
ONEQ,,,Fidelity Nasdaq Composite Index ETF
BW,Industrials,Specialty Industrial Machinery,"Babcock & Wilcox Enterprises, Inc."
BBVA,Financial Services,Banks - Diversified,"Banco Bilbao Vizcaya Argentaria, S.A."
VLP,,,Valero Energy Partners LP
LQDT,Consumer Cyclical,Internet Retail,"Liquidity Services, Inc."
IWN,,,iShares Russell 2000 Value ETF
BRK.A,,,
CLEU,,,
NHLD,,,
EBF,Industrials,Business Equipment & Supplies,"Ennis, Inc."
RYH,,,Invesco S&P 500 Equal Weight Health Care ETF
ISUZF,Consumer Cyclical,Auto Manufacturers,Isuzu Motors Limited
KWIPF,Real Estate,REIT - Diversified,Kiwi Property Group Limited
CPGX,,,
UVV,Consumer Defensive,Tobacco,Universal Corporation
DOOR,,,
CHK,,,
TM,Consumer Cyclical,Auto Manufacturers,Toyota Motor Corporation
GAS,,,
TLN,Utilities,Utilities - Independent Power Producers,Talen Energy Corporation
IHE,,,iShares U.S. Pharmaceuticals ETF
MUSA,Consumer Cyclical,Specialty Retail,Murphy USA Inc.
SLH,,,
AFAM,,,
ROK,Industrials,Specialty Industrial Machinery,"Rockwell Automation, Inc."
RDVY,,,First Trust Rising Dividend Achievers ETF
HEDJ,,,WisdomTree Europe Hedged Equity Fund
PAYX,Technology,Software - Application,"Paychex, Inc."
ATAZF,Technology,Information Technology Services,Atea ASA
CFFN,Financial Services,Banks - Regional,"Capitol Federal Financial, Inc."
XBI,,,State Street SPDR S&P Biotech ETF
BXLT,,,
TXI,,,
ASW,,,
DSCO,,,DoubleLine Securitized Credit ETF
ASAM1,,,
BLDP,Industrials,Electrical Equipment & Parts,Ballard Power Systems Inc.
SCI,Consumer Cyclical,Personal Services,Service Corporation International
AEG,Financial Services,Insurance - Diversified,Aegon Ltd.
IMSC,,,
HCBK,,,
KTOS,Industrials,Aerospace & Defense,"Kratos Defense & Security Solutions, Inc."
EXTN,,,
AROC,Energy,Oil & Gas Equipment & Services,"Archrock, Inc."
VLRX1,,,
CVSL,,,
HDB,Financial Services,Banks - Regional,HDFC Bank Limited
ICL,Basic Materials,Agricultural Inputs,ICL Group Ltd
B1WSP14,,,
PRI,Financial Services,Insurance - Life,"Primerica, Inc."
AVG,,,Anew Health Ltd
MXWL,,,
GEER,,,
VRNG,,,
COLV,,,
KNX,Industrials,Trucking,Knight-Swift Transportation Holdings Inc.
AVY,Consumer Cyclical,Packaging & Containers,Avery Dennison Corporation
MPLX,Energy,Oil & Gas Midstream,MPLX LP
^MWE,,,
QTWO,Technology,Software - Application,"Q2 Holdings, Inc."
LXFT,,,
GLOB,Technology,Information Technology Services,Globant S.A.
EPAM,Technology,Information Technology Services,"EPAM Systems, Inc."
ROKU,Communication Services,Entertainment,"Roku, Inc."
RDY,Healthcare,Drug Manufacturers - Specialty & Generic,Dr. Reddy's Laboratories Limited
NPAB,,,
KSS,Consumer Cyclical,Department Stores,Kohl's Corporation
SKX,,,
TBK,,,
QCSTIX,,,CREF Total Global Stock Account R3
TCIEX,,,Nuveen International Eq Idx R6
TILVX,,,Nuveen Large Cap Value Idx R6
QREARX,,,TIAA Real Estate Account
QCGLIX,,,CREF Global Equities Account - R3
TIMVX,,,Nuveen Mid Cap Value R6
QCGRIX,,,CREF Growth Account - R3
SEDG,Technology,Solar,"SolarEdge Technologies, Inc."
BNZI,Technology,Software - Application,"Banzai International, Inc."
NCC,,,
PW,Real Estate,REIT - Specialty,Power REIT
LNCB,,,
WSHFX,,,American Funds Washington Mutual F1
RBD,,,
TRON1,,,
UVE,Financial Services,Insurance - Property & Casualty,"Universal Insurance Holdings, Inc."
CRSP,Healthcare,Biotechnology,CRISPR Therapeutics AG
GEL,Energy,Oil & Gas Midstream,"Genesis Energy, L.P."
CINF,Financial Services,Insurance - Property & Casualty,Cincinnati Financial Corporation
STEN,,,iShares Large Cap 10% Target Buffer Sep ETF
BCEI,,,
X,,,
WES,Energy,Oil & Gas Midstream,"Western Midstream Partners, LP"
XPOI,,,
XEL,Utilities,Utilities - Regulated Electric,Xcel Energy Inc.
ZBH,Healthcare,Medical Devices,"Zimmer Biomet Holdings, Inc."
LYV,Communication Services,Entertainment,"Live Nation Entertainment, Inc."
AEX.MU,,,
WLK,Basic Materials,Specialty Chemicals,Westlake Corporation
BOT4J94,,,
ARLP,Energy,Thermal Coal,"Alliance Resource Partners, L.P."
B923935,,,
MAR,Consumer Cyclical,Lodging,"Marriott International, Inc."
WTW,Financial Services,Insurance Brokers,Willis Towers Watson Public Limited Company
GRA,,,
TE1,,,
CNRAF,Real Estate,REIT - Retail,Vicinity Centres
SBAC,Real Estate,REIT - Specialty,SBA Communications Corporation
NSTS,Financial Services,Banks - Regional,"NSTS Bancorp, Inc."
LDOS,Technology,Information Technology Services,"Leidos Holdings, Inc."
UBIX,,,
SIG,Consumer Cyclical,Luxury Goods,Signet Jewelers Limited
VPU,,,Vanguard Utilities Index Fund ETF Shares
TFCF,,,
QQXT,,,First Trust NASDAQ-100 Ex-Technology Sector Index Fund
GSP1,,,
STON,,,
COL,,,"Rockwell Collins, Inc."
RMBL,,,
ARRS,,,
REIS,,,"Reis, Inc."
RES,Energy,Oil & Gas Equipment & Services,"RPC, Inc."
ASVI,,,
BTCS,Financial Services,Capital Markets,BTCS Inc.
VBNK,Financial Services,Banks - Regional,VersaBank
UCP,,,
INS,,,
FMX,Consumer Defensive,Beverages - Brewers,"Fomento Económico Mexicano, S.A.B. de C.V."
PENX,,,
NAT,Energy,Oil & Gas Midstream,Nordic American Tankers Limited
VGR,,,
GAN,,,
AWRE,Technology,Software - Application,"Aware, Inc."
ADT.F,,,
TCX,Technology,Software - Infrastructure,Tucows Inc.
TAXI,,,Northern Trust Intermediate Tax-Exempt Bond ETF
CHRW,Industrials,Integrated Freight & Logistics,"C.H. Robinson Worldwide, Inc."
XLK,,,State Street Technology Select Sector SPDR ETF
SMFG,Financial Services,Banks - Diversified,"Sumitomo Mitsui Financial Group, Inc."
ATEST,,,
BNS,Financial Services,Banks - Diversified,The Bank of Nova Scotia
LNDC,,,
ELAS,,,
HWAY,,,Themes US Infrastructure ETF
HEN3,,,
GPP,,,
ALBK,,,
VAXX,Healthcare,Biotechnology,"Vaxxinity, Inc."
FCEA,,,
FNB,Financial Services,Banks - Regional,F.N.B. Corporation
NSAM,,,
DRII,,,
PPBI,,,
UALAQ,,,
PFIN,,,
PARR,Energy,Oil & Gas Refining & Marketing,"Par Pacific Holdings, Inc."
AKIC,,,
OTRK,,,
TRINL,,,
FINV,Financial Services,Credit Services,FinVolution Group
LAWS,,,
PEGI,,,
SHOS,,,
NRG,Utilities,Utilities - Independent Power Producers,"NRG Energy, Inc."
FLWS,Consumer Cyclical,Specialty Retail,"1-800-FLOWERS.COM, Inc."
SNMX,,,"Senomyx, Inc."
CAB,,,
BGG,,,
CISC,,,
NCR,,,
MAMA,Consumer Defensive,Packaged Foods,"Mama's Creations, Inc."
NOK,Technology,Communication Equipment,Nokia Oyj
RGS,Consumer Cyclical,Personal Services,Regis Corporation
NCMV,,,
FXN,,,First Trust Energy AlphaDEX Fund
RELY,Technology,Software - Infrastructure,"Remitly Global, Inc."
IPGP,Technology,Semiconductor Equipment & Materials,IPG Photonics Corporation
OA,,,
SRI,Consumer Cyclical,Auto Parts,"Stoneridge, Inc."
CPB,Consumer Defensive,Packaged Foods,The Campbell's Company
SJM,Consumer Defensive,Packaged Foods,The J. M. Smucker Company
YACKX,,,AMG Yacktman I
CHTR,Communication Services,Telecom Services,"Charter Communications, Inc."
MMP,,,
EV,,,Mast Global Battery Recycling & Production ETF
RDS.B,,,
PRAI,,,
RH,Consumer Cyclical,Specialty Retail,RH
IFF,Basic Materials,Specialty Chemicals,International Flavors & Fragrances Inc.
QSR,Consumer Cyclical,Restaurants,Restaurant Brands International Inc.
MGPI,Consumer Defensive,Beverages - Wineries & Distilleries,"MGP Ingredients, Inc."
DTSI,,,
HAST,,,
ECPG,Financial Services,Credit Services,"Encore Capital Group, Inc."
WMFFX,,,American Funds Washington Mutual F2
TMUS,Communication Services,Telecom Services,"T-Mobile US, Inc."
DPM,,,
LEE,Communication Services,Publishing,"Lee Enterprises, Incorporated"
BKJAY,,,
SSW,,,
ALLY.A,,,
SUN,Energy,Oil & Gas Refining & Marketing,Sunoco LP
RELL,Technology,Electronic Components,"Richardson Electronics, Ltd."
ASPN,Industrials,Building Products & Equipment,"Aspen Aerogels, Inc."
ALOT,Technology,Computer Hardware,"AstroNova, Inc."
ANGO,Healthcare,Medical Instruments & Supplies,"AngioDynamics, Inc."
KERX,,,"Keryx Biopharmaceuticals, Inc."
IRET,,,iREIT - MarketVector Quality REIT Index ETF
CAA,,,
KBH,Consumer Cyclical,Residential Construction,KB Home
LNCE,,,
MTUM,,,iShares MSCI USA Momentum Factor ETF
TRMK,Financial Services,Banks - Regional,Trustmark Corporation
ITVPY,Communication Services,Broadcasting,ITV plc
DIISY,,,
ETR,Utilities,Utilities - Regulated Electric,Entergy Corporation
MAXD,,,
XRSC,,,
VRTS,Financial Services,Asset Management,"Virtus Investment Partners, Inc."
CDORP,,,
GDV,Financial Services,Asset Management,The Gabelli Dividend & Income Trust
BRKR,Healthcare,Medical Devices,Bruker Corporation
RATL,,,
RSPP,,,"RSP Permian, Inc."
SYY.SG,,,Sysco Corp
BPRN,Financial Services,Banks - Regional,"Princeton Bancorp, Inc."
CF,Basic Materials,Agricultural Inputs,"CF Industries Holdings, Inc."
ITI,,,
WWD,Industrials,Aerospace & Defense,"Woodward, Inc."
FSD,,,
CAFN,,,
BOX,Technology,Software - Infrastructure,"Box, Inc."
JAZA,,,
BNNY,,,
SQ,,,
ATH-PE,Financial Services,Insurance - Life,Athene Holding Ltd.
NRE,,,
FTV,Technology,Scientific & Technical Instruments,Fortive Corporation
DAO,Consumer Defensive,Education & Training Services,"Youdao, Inc."
FDL,,,First Trust Morningstar Dividend Leaders Index Fund
FDM,,,First Trust Dow Jones Select MicroCap Index Fund
IEZ,,,iShares U.S. Oil Equipment & Services ETF
IBB,,,iShares Biotechnology ETF
VYM,,,Vanguard High Dividend Yield Index Fund ETF Shares
NLC,,,
BIN,,,
SLM,Financial Services,Credit Services,SLM Corporation
AILP,,,
CBF,,,
WTR,,,
PDFS,Technology,Software - Application,"PDF Solutions, Inc."
BLM7FC2,,,
B1W8P14,,,
HCOM,,,Hartford Schroders Commodity Strategy ETF
CHRB,,,
LYG,Financial Services,Banks - Regional,Lloyds Banking Group plc
UA.C,,,
FTAI,Industrials,Rental & Leasing Services,FTAI Aviation Ltd.
PBF,Energy,Oil & Gas Refining & Marketing,PBF Energy Inc.
LOCM,Communication Services,Internet Content & Information,Local Corporation
BTCT,Technology,Computer Hardware,BTC Digital Ltd.
DL1,,,
SWKS,Technology,Semiconductors,"Skyworks Solutions, Inc."
SRC,,,
ANBC,,,
SIRI,Communication Services,Entertainment,Sirius XM Holdings Inc.
VOYA,Financial Services,Financial Conglomerates,"Voya Financial, Inc."
SXL,,,
MRKT,,,
PSQH,Technology,Software - Application,"PSQ Holdings, Inc."
ICAD,,,
INFO,,,Harbor PanAgora Dynamic Large Cap Core ETF
QIHU,,,
ATR,Healthcare,Medical Instruments & Supplies,"AptarGroup, Inc."
NXST,Communication Services,Broadcasting,"Nexstar Media Group, Inc."
ENTG,Technology,Semiconductor Equipment & Materials,"Entegris, Inc."
ONTY,,,
UPLM,,,
MTCIX,,,MFS Technology I
RVT,Financial Services,Asset Management,"Royce Small-Cap Trust, Inc."
RGT,Financial Services,Asset Management,"Royce Global Trust, Inc."
WB1,,,
TFSL,Financial Services,Banks - Regional,TFS Financial Corporation
ISIL,,,
EXR,Real Estate,REIT - Industrial,Extra Space Storage Inc.
MAA,Real Estate,REIT - Residential,"Mid-America Apartment Communities, Inc."
IBN,Financial Services,Banks - Regional,ICICI Bank Limited
SOMMY,Basic Materials,Chemicals,"Sumitomo Chemical Company, Limited"
SGU,Energy,Oil & Gas Refining & Marketing,"Star Group, L.P."
ISDR,,,
PRXI,,,
OSLE,,,
FGP,,,
DVMT,,,Dell Technologies Inc.
BPAC,,,Blueport Acquisition Ltd
GMS,,,
TSC,,,
CA,,,Xtrackers California Municipal Bond ETF
CNC,Healthcare,Healthcare Plans,Centene Corporation
PSMMY,Consumer Cyclical,Residential Construction,Persimmon Plc
AME,Industrials,Specialty Industrial Machinery,"AMETEK, Inc."
GIL,Consumer Cyclical,Apparel Manufacturing,Gildan Activewear Inc.
MGA,Consumer Cyclical,Auto Parts,Magna International Inc.
BMRN,Healthcare,Biotechnology,BioMarin Pharmaceutical Inc.
K,Consumer Defensive,Packaged Foods,Kellanova
LAMR,Real Estate,REIT - Specialty,Lamar Advertising Company
UOVEY,Financial Services,Banks - Regional,United Overseas Bank Limited
IT,Technology,Information Technology Services,"Gartner, Inc."
AXAHY,Financial Services,Insurance - Diversified,AXA SA
ENLAY,Utilities,Utilities - Diversified,Enel SpA
CSGP,Real Estate,Real Estate Services,"CoStar Group, Inc."
WEX,Technology,Software - Infrastructure,WEX Inc.
TDHOY,Financial Services,Insurance - Life,"T&D Holdings, Inc."
CMPR,Industrials,Specialty Business Services,Cimpress plc
CRI,Consumer Cyclical,Apparel Retail,"Carter's, Inc."
MDVN,,,
ATHN,,,
WJRYY,Industrials,Railroads,West Japan Railway Company
KDDIY,Communication Services,Telecom Services,KDDI Corporation
TELNY,Communication Services,Telecom Services,Telenor ASA
ISUZY,Consumer Cyclical,Auto Manufacturers,Isuzu Motors Limited
DLAKY,Industrials,Airlines,Deutsche Lufthansa AG
CHL,,,
NTT,,,
LUKOY,,,
JKHY,Technology,Information Technology Services,"Jack Henry & Associates, Inc."
DNKN,,,
AMX,Communication Services,Telecom Services,"América Móvil, S.A.B. de C.V."
NRBAY,,,Nordea Bank AB (publ)
ANZBY,,,
RYAAY,Industrials,Airlines,Ryanair Holdings plc
TD,Financial Services,Banks - Diversified,The Toronto-Dominion Bank
ON,Technology,Semiconductors,ON Semiconductor Corporation
TDG,Industrials,Aerospace & Defense,TransDigm Group Incorporated
KEP,Utilities,Utilities - Regulated Electric,Korea Electric Power Corporation
SSNC,Technology,Software - Application,"SS&C Technologies Holdings, Inc."
AEXAY,Technology,Information Technology Services,Atos SE
LPLA,Financial Services,Capital Markets,LPL Financial Holdings Inc.
VMC,Basic Materials,Building Materials,Vulcan Materials Company
WAT,Healthcare,Diagnostics & Research,Waters Corporation
R,Industrials,Rental & Leasing Services,"Ryder System, Inc."
SMFKY,,,
MSCI,Financial Services,Financial Data & Stock Exchanges,MSCI Inc.
BHKLY,Financial Services,Banks - Regional,BOC Hong Kong (Holdings) Limited
APTS,,,
PEY,,,Invesco High Yield Equity Dividend Achievers ETF
OCLS,,,
CROX,Consumer Cyclical,Footwear & Accessories,"Crocs, Inc."
EGO,Basic Materials,Gold,Eldorado Gold Corporation
BUNT,,,DB 3x German Bund Futures ETN
CCIZX,,,Columbia Seligman Tech & Info Inst
ENB,Energy,Oil & Gas Midstream,Enbridge Inc.
ISD,Financial Services,Asset Management,"PGIM High Yield Bond Fund, Inc."
GPOR,Energy,Oil & Gas E&P,Gulfport Energy Corporation
WE,,,
CMTL,Technology,Communication Equipment,Comtech Telecommunications Corp.
SMGIX,,,Columbia Contrarian Core Inst
WLTW,,,
KB,Financial Services,Banks - Regional,KB Financial Group Inc.
NYLD.A,,,
OCIP,,,OCI Partners LP
VSM,,,
NVO,Healthcare,Drug Manufacturers - General,Novo Nordisk A/S
ITAH,,,
COTY,Consumer Defensive,Household & Personal Products,Coty Inc.
AHLS,,,
CSV,Consumer Cyclical,Personal Services,"Carriage Services, Inc."
BH1,,,
XHR,Real Estate,REIT - Hotel & Motel,"Xenia Hotels & Resorts, Inc."
MFAN,,,
PKB,,,Invesco Building & Construction ETF
CONXW,,,
ENH,,,
CBPX,,,
HBP,,,
QCP,,,"Quality Care Properties, Inc."
COKE,Consumer Defensive,Beverages - Non-Alcoholic,"Coca-Cola Consolidated, Inc."
TROW,Financial Services,Asset Management,"T. Rowe Price Group, Inc."
KRON,,,
CADT,,,
ARNC,,,
VIAB,,,
IYH,,,iShares U.S. Healthcare ETF
ASIX,Basic Materials,Chemicals,AdvanSix Inc.
NHF,,,
MKC,Consumer Defensive,Packaged Foods,"McCormick & Company, Incorporated"
SCCO,Basic Materials,Copper,Southern Copper Corporation
GRE,,,
NGD,Basic Materials,Gold,New Gold Inc.
MKL,Financial Services,Insurance - Property & Casualty,Markel Group Inc.
JCP,,,
SLNT,,,
XSD,,,State Street SPDR S&P Semiconductor ETF
WETF,,,
HACK,,,Amplify Cybersecurity ETF
HAIN,Consumer Defensive,Packaged Foods,"The Hain Celestial Group, Inc."
AIV,Real Estate,REIT - Residential,Apartment Investment and Management Company
NEE.PRI,,,
AOS,Industrials,Specialty Industrial Machinery,A. O. Smith Corporation
AWK,Utilities,Utilities - Regulated Water,"American Water Works Company, Inc."
HOLX,Healthcare,Medical Instruments & Supplies,"Hologic, Inc."
IM,,,
MERQ,,,
IDT,Communication Services,Telecom Services,IDT Corporation
OKS,,,
IAI,,,iShares U.S. Broker-Dealers & Securities Exchanges ETF
LRLSQ,,,
UAA,Consumer Cyclical,Apparel Manufacturing,"Under Armour, Inc."
MRLN,,,
PRXL,,,
WFRD,Energy,Oil & Gas Equipment & Services,Weatherford International plc
VSAT,Technology,Communication Equipment,"Viasat, Inc."
BABY,,,
MGU,,,
DXC,Technology,Information Technology Services,DXC Technology Company
TIS,,,
GLP,Energy,Oil & Gas Midstream,Global Partners LP
HRB,Consumer Cyclical,Personal Services,"H&R Block, Inc."
IJJ,,,iShares S&P Mid-Cap 400 Value ETF
TKGBY,Financial Services,Banks - Regional,Turkiye Garanti Bankasi A.S.
CMP,Basic Materials,Other Industrial Metals & Mining,"Compass Minerals International, Inc."
DBEF,,,Xtrackers MSCI EAFE Hedged Equity ETF
CLMS,,,
CBPO,,,
DATE,,,
CURT,,,
MEAT,,,
CLNS,,,"Colony NorthStar, Inc."
QLTI,,,GMO International Quality ETF
VCA,,,
WELL,Real Estate,REIT - Healthcare Facilities,Welltower Inc.
CRK,Energy,Oil & Gas E&P,"Comstock Resources, Inc."
MANH,Technology,Software - Application,"Manhattan Associates, Inc."
XELB,Consumer Cyclical,Apparel Manufacturing,"Xcel Brands, Inc."
EXPR,,,
NEE.PC,,,
ASR,Industrials,Airports & Air Services,"Grupo Aeroportuario del Sureste, S. A. B. de C. V."
TREX,Industrials,Building Products & Equipment,"Trex Company, Inc."
WAFD,Financial Services,Banks - Regional,"WaFd, Inc."
LOGM,,,
SAP,Technology,Software - Application,SAP SE
HELE,Consumer Defensive,Household & Personal Products,Helen of Troy Limited
AQFH,,,
OSCA,,,
EVHC,,,Envision Healthcare Corporation
RMP,,,Rice Midstream Partners LP
RMBFX,,,RMB Mendon Financial Long/Short Fund Class A
SHLX,,,
ALLY,Financial Services,Credit Services,Ally Financial Inc.
FCGYF,,,
BCOM,,,
ION1,,,
SISI,Consumer Defensive,Farm Products,"Shineco, Inc."
EXCU,,,
O,Real Estate,REIT - Retail,Realty Income Corporation
DALN,,,
II,,,
YUMC,Consumer Cyclical,Restaurants,"Yum China Holdings, Inc."
NVDA,Technology,Semiconductors,NVIDIA Corporation
SSD,Basic Materials,Lumber & Wood Production,"Simpson Manufacturing Co., Inc."
HBMD,,,
ALOG,,,Analogic Corporation
CEB,,,
SIVB,,,
SLAB,Technology,Semiconductors,Silicon Laboratories Inc.
CATM,,,
URI,Industrials,Rental & Leasing Services,"United Rentals, Inc."
AUY,,,
GBOOY,Financial Services,Banks - Regional,"Grupo Financiero Banorte, S.A.B. de C.V."
QWST,,,Harbor Small Cap Explorer ETF
KT,Communication Services,Telecom Services,KT Corporation
WHR,Consumer Cyclical,"Furnishings, Fixtures & Appliances",Whirlpool Corporation
LM,,,
GLFD,,,
ANET,Technology,Computer Hardware,"Arista Networks, Inc."
EQIX,Real Estate,REIT - Specialty,"Equinix, Inc."
HLT,Consumer Cyclical,Lodging,Hilton Worldwide Holdings Inc.
EPTG,,,
HEN,,,
FI,,,
BARZ1,,,
CXO,,,
DAN,Consumer Cyclical,Auto Parts,Dana Incorporated
NBHC,Financial Services,Banks - Regional,National Bank Holdings Corporation
QGEN,Healthcare,Diagnostics & Research,Qiagen N.V.
NYC,Real Estate,Real Estate Services,American Strategic Investment Co.
NGS,Energy,Oil & Gas Equipment & Services,"Natural Gas Services Group, Inc."
NSA,Real Estate,REIT - Industrial,National Storage Affiliates Trust
SPGI,Financial Services,Financial Data & Stock Exchanges,S&P Global Inc.
NVG,Financial Services,Asset Management,Nuveen AMT-Free Municipal Credit Income Fund
SNAP,Communication Services,Internet Content & Information,Snap Inc.
DRD,Basic Materials,Gold,DRDGOLD Limited
BRKB,,,
LNG,Energy,Oil & Gas Midstream,"Cheniere Energy, Inc."
CONN,,,
RAS,,,
UCI1,,,
MLPI,,,Neos Mlp & Energy Infrastructure High Income ETF
TGNA,Communication Services,Broadcasting,TEGNA Inc.
PUMP,Energy,Oil & Gas Equipment & Services,ProPetro Holding Corp.
WRK,,,
PSA,Real Estate,REIT - Industrial,Public Storage
SABR,Technology,Software - Infrastructure,Sabre Corporation
KAR,Consumer Cyclical,Auto & Truck Dealerships,"OPENLANE, Inc."
KBE,,,State Street SPDR S&P Bank ETF
SDOG,,,ALPS Sector Dividend Dogs ETF
VSAR,,,"Versartis, Inc."
TRP,Energy,Oil & Gas Midstream,TC Energy Corporation
PE,,,
FRT,Real Estate,REIT - Retail,Federal Realty Investment Trust
EQM,,,
AMP1,,,
ENDG,,,
TWO,Real Estate,REIT - Mortgage,Two Harbors Investment Corp.
ANDE,Consumer Defensive,Food Distribution,"The Andersons, Inc."
GOV,,,Government Properties Income Trust
ANCX,,,Access National Corporation
TLRD,,,
S,Technology,Software - Infrastructure,"SentinelOne, Inc."
UAL,Industrials,Airlines,"United Airlines Holdings, Inc."
SEP,,,"Spectra Energy Partners, LP"
FDUS,Financial Services,Asset Management,Fidus Investment Corporation
CNHI,,,
LULU,Consumer Cyclical,Apparel Retail,lululemon athletica inc.
TCPC,Financial Services,Asset Management,BlackRock TCP Capital Corp.
ZAYO,,,
MTBC,,,
POL,,,
FTK,Energy,Oil & Gas Equipment & Services,"Flotek Industries, Inc."
EEX,Communication Services,Advertising Agencies,"Emerald Holding, Inc."
OTIC,,,
JNUG,,,Direxion Daily Junior Gold Miners Index Bull 2X Shares
ITCI,,,
OCN,,,
KR,Consumer Defensive,Grocery Stores,The Kroger Co.
VNO,Real Estate,REIT - Office,Vornado Realty Trust
ADEA,Technology,Software - Application,Adeia Inc.
TWX1,,,
AFG,Financial Services,Insurance - Property & Casualty,"American Financial Group, Inc."
PCG,Utilities,Utilities - Regulated Electric,PG&E Corporation
PLD,Real Estate,REIT - Industrial,"Prologis, Inc."
AUT,,,
ED,Utilities,Utilities - Regulated Electric,"Consolidated Edison, Inc."
DALRQ,,,
NYCB,,,
HUM,Healthcare,Healthcare Plans,Humana Inc.
AEPPZ,,,
SWH,,,"Stanley Black &amp; Decker, Inc."
DCUB,,,
CFG,Financial Services,Banks - Regional,"Citizens Financial Group, Inc."
DCUA,,,
RCM1,,,
TFCFA,,,
CMS,Utilities,Utilities - Regulated Electric,CMS Energy Corporation
INCY,Healthcare,Biotechnology,Incyte Corporation
BKNG,Consumer Cyclical,Travel Services,Booking Holdings Inc.
CWEI,,,
ADSK,Technology,Software - Application,"Autodesk, Inc."
FNBC,,,
PATK,Consumer Cyclical,Recreational Vehicles,"Patrick Industries, Inc."
SNHY,,,
CNTY,Consumer Cyclical,Resorts & Casinos,"Century Casinos, Inc."
JNS,,,
AFGB,,,
SNC,,,
SREA,,,
SMRA,,,
URBN,Consumer Cyclical,Apparel Retail,"Urban Outfitters, Inc."
GSBD,Financial Services,Asset Management,"Goldman Sachs BDC, Inc."
APT,Industrials,Building Products & Equipment,"Alpha Pro Tech, Ltd."
JHB,,,
AYR,,,
RF-PE,Financial Services,Banks - Regional,Regions Financial Corporation
VEA,,,Vanguard FTSE Developed Markets Index Fund ETF Shares
BAMXY,,,
PSXP,,,
VNCE,Consumer Cyclical,Apparel Manufacturing,Vince Holding Corp.
IFNNY,Technology,Semiconductors,Infineon Technologies AG
CSLLY,Healthcare,Biotechnology,CSL Limited
QTM,,,Quantum Corporation
FDC,,,
TDOC,Healthcare,Health Information Services,"Teladoc Health, Inc."
CLSN,,,
UBSI,Financial Services,Banks - Regional,"United Bankshares, Inc."
DCTH,Healthcare,Medical Devices,"Delcath Systems, Inc."
CLR,,,
Q,Technology,Semiconductor Equipment & Materials,"Qnity Electronics, Inc."
NTES,Communication Services,Electronic Gaming & Multimedia,"NetEase, Inc."
NCLH,Consumer Cyclical,Travel Services,Norwegian Cruise Line Holdings Ltd.
ICHR,Technology,Semiconductor Equipment & Materials,"Ichor Holdings, Ltd."
CVI,Energy,Oil & Gas Refining & Marketing,"CVR Energy, Inc."
CFR,Financial Services,Banks - Regional,"Cullen/Frost Bankers, Inc."
NDAQ,Financial Services,Financial Data & Stock Exchanges,"Nasdaq, Inc."
PDM,Real Estate,REIT - Office,"Piedmont Realty Trust, Inc."
SLGC,,,
MWA,Industrials,Specialty Industrial Machinery,"Mueller Water Products, Inc."
URS,,,
BFET,,,BFE Corporation
CZR,Consumer Cyclical,Resorts & Casinos,"Caesars Entertainment, Inc."
MSTR,Technology,Software - Application,Strategy Inc
CCP,,,
CODI,Industrials,Conglomerates,Compass Diversified
DASTY,Technology,Software - Application,Dassault Systèmes SE
JD,Consumer Cyclical,Internet Retail,"JD.com, Inc."
SSU,,,
BAP,Financial Services,Banks - Regional,Credicorp Ltd.
DSKY,,,
NMC,,,
CST,,,
BSMX,,,
JCSE,Industrials,Specialty Industrial Machinery,JE Cleantech Holdings Limited
BWMX,Consumer Cyclical,Specialty Retail,"Betterware de México, S.A.P.I. de C.V."
LEARQ,,,
FTNT,Technology,Software - Infrastructure,"Fortinet, Inc."
JBT,,,
MKTX,Financial Services,Capital Markets,MarketAxess Holdings Inc.
JCS,,,
SNE,,,
IILG,,,
VNO-PO,Real Estate,REIT - Office,Vornado Realty Trust
CMS-PC,Utilities,Utilities - Regulated Electric,CMS Energy Corporation
AEUA,,,
RED,,,
SNPS,Technology,Software - Infrastructure,"Synopsys, Inc."
O-P,,,
SLV,,,iShares Silver Trust
OUNZ,,,VanEck Merk Gold Trust
FLIR,,,
LOPE,Consumer Defensive,Education & Training Services,"Grand Canyon Education, Inc."
VEEV,Healthcare,Health Information Services,Veeva Systems Inc.
ZURVY,Financial Services,Insurance - Diversified,Zurich Insurance Group AG
NTTYY,Communication Services,Telecom Services,"NTT, Inc."
VET,Energy,Oil & Gas E&P,Vermilion Energy Inc.
NILSY,,,
MFC,Financial Services,Insurance - Life,Manulife Financial Corporation
SMGZY,Industrials,Specialty Industrial Machinery,Smiths Group plc
JAPAY,Consumer Defensive,Tobacco,Japan Tobacco Inc.
SKHHY,Healthcare,Diagnostics & Research,Sonic Healthcare Limited
IMBBY,Consumer Defensive,Tobacco,Imperial Brands PLC
ING,Financial Services,Banks - Diversified,ING Groep N.V.
BNPQY,Financial Services,Banks - Regional,BNP Paribas SA
PBSFY,Communication Services,Broadcasting,ProSiebenSat.1 Media SE
SGAPY,Communication Services,Telecom Services,Singapore Telecommunications Limited
HSBC,Financial Services,Banks - Diversified,HSBC Holdings plc
MGDDY,,,Compagnie Générale des Établissements Michelin Société en commandite par actions
ZN,,,
ZNGA.SW,,,
MBFI,,,
MHK,Consumer Cyclical,"Furnishings, Fixtures & Appliances","Mohawk Industries, Inc."
AABA,,,
CHE,Healthcare,Medical Care Facilities,Chemed Corporation
XPO,Industrials,Trucking,"XPO, Inc."
TRI,Industrials,Specialty Business Services,Thomson Reuters Corporation
TYL,Technology,Software - Application,"Tyler Technologies, Inc."
WSO,Industrials,Industrial Distribution,"Watsco, Inc."
LUK,,,
CDLX,Communication Services,Advertising Agencies,"Cardlytics, Inc."
CBAY,,,
AEZS,,,
BHGE,,,
TEAR,,,
ATRN,,,
CAPR,Healthcare,Biotechnology,"Capricor Therapeutics, Inc."
CYTR,,,
SHPGF,,,
NVDQ,,,T-Rex 2X Inverse NVIDIA Daily Target ETF
WF,Financial Services,Banks - Regional,Woori Financial Group Inc.
ATH,,,
PHLD,,,
CVA,,,
BHF,Financial Services,Insurance - Life,"Brighthouse Financial, Inc."
CBM,,,
VRSN,Technology,Software - Infrastructure,"VeriSign, Inc."
IUSV,,,iShares Core S&P U.S. Value ETF
LQD,,,iShares iBoxx $ Investment Grade Corporate Bond ETF
IUSG,,,iShares Core S&P U.S. Growth ETF
GOVT,,,iShares U.S. Treasury Bond ETF
BWXT,Industrials,Aerospace & Defense,"BWX Technologies, Inc."
UFHI,,,
LRCX,Technology,Semiconductor Equipment & Materials,Lam Research Corporation
AVB,Real Estate,REIT - Residential,"AvalonBay Communities, Inc."
GWR,,,
SCG,,,SCANA Corporation
QTS,,,
ARCI,,,
PRO,Technology,Software - Application,"PROS Holdings, Inc."
CARS,Communication Services,Internet Content & Information,Cars.com Inc.
ANDX,,,
RTNB,Technology,Information Technology Services,"root9B Holdings, Inc."
ALK,Industrials,Airlines,"Alaska Air Group, Inc."
LRLCY,Consumer Defensive,Household & Personal Products,L'Oréal S.A.
NPK,Industrials,Aerospace & Defense,"National Presto Industries, Inc."
PTMC,,,Pacer Trendpilot US Mid Cap ETF
RMD,Healthcare,Medical Instruments & Supplies,ResMed Inc.
PBA,Energy,Oil & Gas Midstream,Pembina Pipeline Corporation
GLAD,Financial Services,Asset Management,Gladstone Capital Corporation
MFGP,,,
DWDP,,,
DD.PA,,,
SUP,,,
JSML,,,Janus Henderson Small Cap Growth Alpha ETF
JSMD,,,Janus Henderson Small/Mid Cap Growth Alpha ETF
LVMUY,Consumer Cyclical,Luxury Goods,"LVMH Moët Hennessy - Louis Vuitton, Société Européenne"
NPSND,,,
MRAAY,Technology,Electronic Components,"Murata Manufacturing Co., Ltd."
RBGLY,Consumer Defensive,Household & Personal Products,Reckitt Benckiser Group plc
SSDOY,Consumer Defensive,Household & Personal Products,"Shiseido Company, Limited"
CABGY,Consumer Defensive,Beverages - Brewers,Carlsberg A/S
PDRDY,,,
SMECF,Industrials,Specialty Industrial Machinery,SMC Corporation
KYCCF,Technology,Scientific & Technical Instruments,Keyence Corporation
AHKSY,Industrials,Conglomerates,Asahi Kasei Corporation
SFTBY,Communication Services,Telecom Services,SoftBank Group Corp.
VTKLY,Technology,Communication Equipment,Vtech Holdings Limited
RUSHA,Consumer Cyclical,Auto & Truck Dealerships,"Rush Enterprises, Inc."
ITEK,,,
UBNT,,,
LNEGY,,,
MDNDF,Consumer Cyclical,Restaurants,"McDonald's Holdings Company (Japan), Ltd."
AIQUY,Basic Materials,Specialty Chemicals,L'Air Liquide S.A.
SEH,,,
LBRDA,Communication Services,Telecom Services,Liberty Broadband Corporation
ANF,Consumer Cyclical,Apparel Retail,Abercrombie & Fitch Co.
BPMP,,,
GAMR,,,Amplify Video Game Leaders ETF
WB,Communication Services,Internet Content & Information,Weibo Corporation
PFGC,Consumer Defensive,Food Distribution,Performance Food Group Company
ICFI,Industrials,Consulting Services,"ICF International, Inc."
SBRA,Real Estate,REIT - Healthcare Facilities,"Sabra Health Care REIT, Inc."
DXTR,,,
BKU,Financial Services,Banks - Regional,"BankUnited, Inc."
WPPGY,,,
SCX,,,
CC,Basic Materials,Specialty Chemicals,The Chemours Company
LB,Energy,Oil & Gas Equipment & Services,LandBridge Company LLC
MDA,,,
INFI,,,
NETE,,,
LBIX,,,"Leading Brands, Inc."
RCON,Energy,Oil & Gas Equipment & Services,"Recon Technology, Ltd."
NEOT,,,
TRXC,,,
ZIOP,,,
XON,,,
FNI,,,First Trust Chindia ETF
ADRE,,,Invesco BLDRS Emerging Markets 50 ADR Index Fund
TEUM,,,
BONT,,,
ATOS,Healthcare,Biotechnology,"Atossa Therapeutics, Inc."
PHG,Healthcare,Medical Devices,Koninklijke Philips N.V.
ORAN,,,
EBKDY,Financial Services,Banks - Regional,Erste Group Bank AG
ISNPY,Financial Services,Banks - Regional,Intesa Sanpaolo S.p.A.
IPXL,,,
SOUHY,Basic Materials,Other Industrial Metals & Mining,South32 Limited
36966R5P7,,,
CMLPSX,,,
HALO,Healthcare,Biotechnology,"Halozyme Therapeutics, Inc."
CSGKF,,,
GDDY,Technology,Software - Infrastructure,GoDaddy Inc.
BOTZ,,,Global X Robotics & Artificial Intelligence ETF
REVB,Healthcare,Biotechnology,"Revelation Biosciences, Inc."
REX,Basic Materials,Chemicals,REX American Resources Corporation
ELGX,,,
ECOM,,,
IBP,Consumer Cyclical,Residential Construction,"Installed Building Products, Inc."
WSTL,Technology,Communication Equipment,"Westell Technologies, Inc."
TBB,,,AT&T Inc. 5.35% GLB NTS 66
RE,,,
ZKH,Consumer Cyclical,Internet Retail,ZKH Group Limited
UHAL,Industrials,Rental & Leasing Services,U-Haul Holding Company
DTY,,,DTE Energy Company
PCGU,,,
IQV,Healthcare,Diagnostics & Research,IQVIA Holdings Inc.
LSXMR,,,
LSXMK,,,
CHTRQ,,,
DXLG,Consumer Cyclical,Apparel Retail,"Destination XL Group, Inc."
AFA,,,Farlong Holding Corp
WFC1,,,
SINT1,,,
SWT,,,
HST,Real Estate,REIT - Hotel & Motel,"Host Hotels & Resorts, Inc."
FMC,Basic Materials,Agricultural Inputs,FMC Corporation
IGAF,,,
JAZZ,Healthcare,Biotechnology,Jazz Pharmaceuticals plc
ANDV,,,Andeavor
APTV,Consumer Cyclical,Auto Parts,Aptiv PLC
MGM,Consumer Cyclical,Resorts & Casinos,MGM Resorts International
VERX,Technology,Software - Application,"Vertex, Inc."
UNM,Financial Services,Insurance - Life,Unum Group
TSNU,,,
LEN-B,Consumer Cyclical,Residential Construction,Lennar Corporation
TPR,Consumer Cyclical,Luxury Goods,"Tapestry, Inc."
EASTW,,,East Wind Inversiones SICAV
PLD1,,,
KMI1,,,
JEC,,,
AER,Industrials,Rental & Leasing Services,AerCap Holdings N.V.
MIAM,,,
BBY,Consumer Cyclical,Specialty Retail,"Best Buy Co., Inc."
LNCOQ,,,
CYAN,Consumer Defensive,Packaged Foods,Cyanotech Corporation
KOSS,Technology,Consumer Electronics,Koss Corporation
LMRK,,,
TOR,,,
THE,,,
CLCO,Energy,Oil & Gas Midstream,Cool Company Ltd.
REGCO,Real Estate,REIT - Retail,Regency Centers Corporation
BEAS,,,
JNPR,,,
RSG,Industrials,Waste Management,"Republic Services, Inc."
WYN,,,
CQP,Energy,Oil & Gas Midstream,"Cheniere Energy Partners, L.P."
NBLX,,,
ASBFY,Consumer Defensive,Packaged Foods,Associated British Foods plc
SKT,Real Estate,REIT - Retail,Tanger Inc.
INWK,,,
PEI,,,
PK,Real Estate,REIT - Hotel & Motel,Park Hotels & Resorts Inc.
DDR,,,DDR Corp.
BRX,Real Estate,REIT - Retail,Brixmor Property Group Inc.
LKSD,,,
BAYRY,Healthcare,Drug Manufacturers - General,Bayer Aktiengesellschaft
BETR,Financial Services,Mortgage Finance,Better Home & Finance Holding Company
CNG,,,
EBSB,,,
OCI,,,OCI Company Ltd.
AFT,,,
BLOC-U,,,
LGIH,Consumer Cyclical,Residential Construction,"LGI Homes, Inc."
BKD,Healthcare,Medical Care Facilities,Brookdale Senior Living Inc.
MD,Healthcare,Medical Care Facilities,"Pediatrix Medical Group, Inc."
EVH,Healthcare,Health Information Services,"Evolent Health, Inc."
PKCOY,Industrials,Infrastructure Operations,"PARK24 Co., Ltd."
MITEY,Real Estate,Real Estate - Diversified,"Mitsubishi Estate Co., Ltd."
HAYN,,,
EXPEA,,,
BGEN,,,
NEM,Basic Materials,Gold,Newmont Corporation
HTA,,,
DRE,,,
DATA,,,
BIP,Utilities,Utilities - Diversified,Brookfield Infrastructure Partners L.P.
AAP,Consumer Cyclical,Auto Parts,"Advance Auto Parts, Inc."
DIFTY,Real Estate,Real Estate - Diversified,"Daito Trust Construction Co.,Ltd."
FIT,,,
OREX,,,
ENTL,,,
W,Consumer Cyclical,Internet Retail,Wayfair Inc.
LTRPB,,,
AL,Industrials,Rental & Leasing Services,Air Lease Corporation
UNVR,,,
CUTR,,,
WP,,,
CNDT,Technology,Information Technology Services,Conduent Incorporated
HIBB,,,
ES,Utilities,Utilities - Regulated Electric,Eversource Energy
AHL,Financial Services,Insurance - Property & Casualty,
JETS,,,U.S. Global Jets ETF
GTES,Industrials,Specialty Industrial Machinery,Gates Industrial Corporation plc
CNSO,,,
GNL,Real Estate,REIT - Diversified,"Global Net Lease, Inc."
SIR,,,Select Income REIT
LXP,Real Estate,REIT - Industrial,LXP Industrial Trust
HIFR,,,
WKHS,Consumer Cyclical,Auto Manufacturers,"Workhorse Group, Inc."
VER,,,
JCAP,Financial Services,Credit Services,"Jefferson Capital, Inc."
CLF,Basic Materials,Steel,Cleveland-Cliffs Inc.
STOR,,,
HRC,,,
DIA,,,SPDR Dow Jones Industrial Average ETF Trust
DORM,Consumer Cyclical,Auto Parts,"Dorman Products, Inc."
ABMD,,,
HEI.A,,,
NTRP,Consumer Cyclical,Travel Services,"NextTrip, Inc."
BGSF,Industrials,Staffing & Employment Services,"BGSF, Inc."
SNP,,,
APNHY,Healthcare,Drug Manufacturers - Specialty & Generic,Aspen Pharmacare Holdings Limited
ILG,,,"ILG, Inc."
STAY,,,
TVPT,,,Travelport Worldwide Limited
DPLO,,,
FTSI,,,
LEG,Consumer Cyclical,"Furnishings, Fixtures & Appliances","Leggett & Platt, Incorporated"
UDR,Real Estate,REIT - Residential,"UDR, Inc."
CBRE,Real Estate,Real Estate Services,"CBRE Group, Inc."
TMCI1,,,
SMTX,,,
PRS,,,
CBOE,Financial Services,Financial Data & Stock Exchanges,"Cboe Global Markets, Inc."
TOL,Consumer Cyclical,Residential Construction,"Toll Brothers, Inc."
RJD,,,
CSRA,,,
LHX,Industrials,Aerospace & Defense,"L3Harris Technologies, Inc."
HLIT,Technology,Communication Equipment,Harmonic Inc.
CTAS,Industrials,Specialty Business Services,Cintas Corporation
LEN.B,,,
CALD,,,
OLP,Real Estate,REIT - Diversified,"One Liberty Properties, Inc."
PCH,Real Estate,REIT - Specialty,PotlatchDeltic Corporation
PODD,Healthcare,Medical Devices,Insulet Corporation
CENT,Consumer Defensive,Packaged Foods,Central Garden & Pet Company
AIR,Industrials,Aerospace & Defense,AAR Corp.
PNW,Utilities,Utilities - Regulated Electric,Pinnacle West Capital Corporation
FBHS,,,
MSI,Technology,Communication Equipment,"Motorola Solutions, Inc."
RS,Basic Materials,Steel,"Reliance, Inc."
GLG2,,,
WRB-PG,,,
RYT,,,Invesco S&P 500 Equal Weight Technology ETF
VRNT,Technology,Software - Infrastructure,Verint Systems Inc.
STLD,Basic Materials,Steel,"Steel Dynamics, Inc."
YTEN,,,
BAH,Industrials,Consulting Services,Booz Allen Hamilton Holding Corporation
NVZMY,Basic Materials,Specialty Chemicals,Novozymes A/S
OUT,Real Estate,REIT - Specialty,OUTFRONT Media Inc.
INOV,,,Innovator International Developed Power Buffer ETF - November
TCN,,,
FINL,,,
RBS,,,
FUJHY,Consumer Cyclical,Auto Manufacturers,Subaru Corporation
CDR,,,
WARFY,Real Estate,Real Estate - Development,The Wharf (Holdings) Limited
NSANY,Consumer Cyclical,Auto Manufacturers,"Nissan Motor Co., Ltd."
SKYAY,,,Sky Limited
BTLCY,Real Estate,REIT - Diversified,British Land Company PLC
TATYY,Consumer Defensive,Packaged Foods,Tate & Lyle plc
OMI,Healthcare,Medical Distribution,"Accendra Health, Inc."
JHX,Basic Materials,Building Materials,James Hardie Industries plc
DCM,,,
HNNMY,Consumer Cyclical,Apparel Manufacturing,H & M Hennes & Mauritz AB (publ)
FPAFY,Consumer Defensive,Packaged Foods,First Pacific Company Limited
ALPMY,Healthcare,Drug Manufacturers - General,Astellas Pharma Inc.
MZDAY,Consumer Cyclical,Auto Manufacturers,Mazda Motor Corporation
GNGBY,Healthcare,Medical Devices,Getinge AB (publ)
FSP,Real Estate,REIT - Office,Franklin Street Properties Corp.
DBX,Technology,Software - Infrastructure,"Dropbox, Inc."
CGNT,Technology,Software - Infrastructure,Cognyte Software Ltd.
MAIPX,,,MAI Managed Volatility Fund
CPF,Financial Services,Banks - Regional,Central Pacific Financial Corp.
ODVYX,,,Invesco Developing Markets Y
AMJ,,,JPMorgan Alerian MLP Index ETN
RBC,Industrials,Tools & Accessories,RBC Bearings Incorporated
AMCX,Communication Services,Entertainment,AMC Networks Inc.
ACAD,Healthcare,Biotechnology,ACADIA Pharmaceuticals Inc.
AGIO,Healthcare,Biotechnology,"Agios Pharmaceuticals, Inc."
GT,Consumer Cyclical,Auto Parts,The Goodyear Tire & Rubber Company
ZG,Communication Services,Internet Content & Information,"Zillow Group, Inc."
PTC,Technology,Software - Application,PTC Inc.
SPOT,Communication Services,Internet Content & Information,Spotify Technology S.A.
SGNL,,,
LTRPA,,,
ISN,,,
DRI,Consumer Cyclical,Restaurants,"Darden Restaurants, Inc."
IONS,Healthcare,Biotechnology,"Ionis Pharmaceuticals, Inc."
PHM,Consumer Cyclical,Residential Construction,"PulteGroup, Inc."
GPS,,,
EXEL,Healthcare,Biotechnology,"Exelixis, Inc."
LEXEA,,,
MTCH,Communication Services,Internet Content & Information,"Match Group, Inc."
UTHR,Healthcare,Drug Manufacturers - Specialty & Generic,United Therapeutics Corporation
NBIX,Healthcare,Drug Manufacturers - Specialty & Generic,"Neurocrine Biosciences, Inc."
GRUB,,,
SNN,Healthcare,Medical Devices,Smith & Nephew plc
NUVA,,,
LHCG,,,
HUBB,Industrials,Electrical Equipment & Parts,Hubbell Incorporated
GUA-CL,,,
OGE,Utilities,Utilities - Regulated Electric,OGE Energy Corp.
VRAY,,,
TEAM,Technology,Software - Application,Atlassian Corporation
IYE,,,iShares U.S. Energy ETF
VGK,,,Vanguard FTSE Europe ETF
IBM.MX,Technology,Information Technology Services,International Business Machines Corporation
UFS,,,
LCUT,Consumer Cyclical,"Furnishings, Fixtures & Appliances","Lifetime Brands, Inc."
ALGT,Industrials,Airlines,Allegiant Travel Company
SPR,,,
EMN,Basic Materials,Specialty Chemicals,Eastman Chemical Company
CNA,Financial Services,Insurance - Property & Casualty,CNA Financial Corporation
QVCA,,,
HOG,Consumer Cyclical,Recreational Vehicles,"Harley-Davidson, Inc."
NKTR,Healthcare,Biotechnology,Nektar Therapeutics
LZAGY,Healthcare,Diagnostics & Research,Lonza Group AG
OC,Industrials,Building Products & Equipment,Owens Corning
ARMK,Industrials,Specialty Business Services,Aramark
INGR,Consumer Defensive,Packaged Foods,Ingredion Incorporated
ENLK,,,"EnLink Midstream Partners, LP"
OLED,Technology,Electronic Components,Universal Display Corporation
APY,,,
BF.B,,,
CATY,Financial Services,Banks - Regional,Cathay General Bancorp
CENTA,Consumer Defensive,Packaged Foods,Central Garden & Pet Company
CRMT,Consumer Cyclical,Auto & Truck Dealerships,"America's Car-Mart, Inc."
TMSNY,Technology,Software - Application,Temenos AG
CX,Basic Materials,Building Materials,"CEMEX, S.A.B. de C.V."
KS,,,KapStone Paper and Packaging Corporation
ALNY,Healthcare,Biotechnology,"Alnylam Pharmaceuticals, Inc."
TCMD,Healthcare,Medical Devices,"Tactile Systems Technology, Inc."
EVRG,Utilities,Utilities - Regulated Electric,"Evergy, Inc."
DHX,Technology,Software - Application,"DHI Group, Inc."
BAYZF,Healthcare,Drug Manufacturers - General,Bayer Aktiengesellschaft
HSTM,Healthcare,Health Information Services,"HealthStream, Inc."
AMN,Healthcare,Medical Care Facilities,"AMN Healthcare Services, Inc."
ULTI,,,REX IncomeMax Option Strategy ETF
LII,Industrials,Building Products & Equipment,Lennox International Inc.
PAYC,Technology,Software - Application,"Paycom Software, Inc."
FIVE,Consumer Cyclical,Specialty Retail,"Five Below, Inc."
HAE,Healthcare,Medical Devices,Haemonetics Corporation
SDXAY,Industrials,Specialty Business Services,Sodexo S.A.
BGC,Financial Services,Capital Markets,"BGC Group, Inc."
GNCMA,,,
BEP,Utilities,Utilities - Renewable,Brookfield Renewable Partners L.P.
TGE,Financial Services,Asset Management,The Generation Essentials Group
MIC,,,
JEF,Financial Services,Capital Markets,Jefferies Financial Group Inc.
RNR,Financial Services,Insurance - Reinsurance,RenaissanceRe Holdings Ltd.
WH,Consumer Cyclical,Lodging,"Wyndham Hotels & Resorts, Inc."
VWNAX,,,Vanguard Windsor II Admiral
WBR,,,
HUYA,Communication Services,Entertainment,HUYA Inc.
MGLN,,,
AQUA,,,
LNN,Industrials,Farm & Heavy Construction Machinery,Lindsay Corporation
BOIVF,Communication Services,Entertainment,Bolloré SE
MDLG,,,
BAF,,,
KYOCF,Industrials,Conglomerates,Kyocera Corporation
SSMXY,Healthcare,Medical Devices,Sysmex Corporation
DBSDY,Financial Services,Banks - Regional,DBS Group Holdings Ltd
FMS,Healthcare,Medical Care Facilities,Fresenius Medical Care AG
SYIEY,Basic Materials,Specialty Chemicals,Symrise AG
THO,Consumer Cyclical,Recreational Vehicles,"THOR Industries, Inc."
FII,,,
CRAI,Industrials,Consulting Services,"CRA International, Inc."
KDP,Consumer Defensive,Beverages - Non-Alcoholic,Keurig Dr Pepper Inc.
ASND,Healthcare,Biotechnology,Ascendis Pharma A/S
SURG,Communication Services,Telecom Services,"SurgePays, Inc."
VAIAF,Technology,Scientific & Technical Instruments,Vaisala Oyj
AONE,,,
MKSI,Technology,Scientific & Technical Instruments,MKS Inc.
ENV,,,
PTEN,Energy,Oil & Gas Drilling,"Patterson-UTI Energy, Inc."
WBC,,,
IIN,,,
RAND,Financial Services,Asset Management,Rand Capital Corporation
1AMT.MI,Real Estate,REIT - Specialty,American Tower Corporation
NTDOY,Communication Services,Electronic Gaming & Multimedia,"Nintendo Co., Ltd."
FRC,,,
RA,Financial Services,Asset Management,Brookfield Real Assets Income Fund Inc.
CAPL,Energy,Oil & Gas Refining & Marketing,CrossAmerica Partners LP
TTD,Communication Services,Advertising Agencies,"The Trade Desk, Inc."
NOKBF,Technology,Communication Equipment,Nokia Oyj
TANN,,,
GOOCV,,,
RUN,Technology,Solar,Sunrun Inc.
912796QX0,,,
REGL,,,ProShares S&P MidCap 400 Dividend Aristocrats ETF
COTV,,,"Cotiviti Holdings, Inc."
PPC,Consumer Defensive,Packaged Foods,Pilgrim's Pride Corporation
SMG,Basic Materials,Agricultural Inputs,The Scotts Miracle-Gro Company
FLA,,,
PWR,Industrials,Engineering & Construction,"Quanta Services, Inc."
WDR,,,
HHC,,,
FDRR,,,Fidelity Dividend ETF for Rising Rates
EMEX,,,
BBDC,Financial Services,Asset Management,"Barings BDC, Inc."
HUD,,,
SSMXF,Healthcare,Medical Devices,Sysmex Corporation
FNV,Basic Materials,Gold,Franco-Nevada Corporation
SPCBQ,,,
TBT,,,ProShares UltraShort 20+ Year Treasury
CWEN.A,,,
IDTI,,,
PCTY,Technology,Software - Application,Paylocity Holding Corporation
HUBS,Technology,Software - Application,"HubSpot, Inc."
SKY,Consumer Cyclical,Residential Construction,"Champion Homes, Inc."
JBHT,Industrials,Integrated Freight & Logistics,"J.B. Hunt Transport Services, Inc."
HOMB,Financial Services,Banks - Regional,"Home Bancshares, Inc. (Conway, AR)"
HLIO,Industrials,Specialty Industrial Machinery,"Helios Technologies, Inc."
BURL,Consumer Cyclical,Apparel Retail,"Burlington Stores, Inc."
AOL,,,
WAB,Industrials,Railroads,Westinghouse Air Brake Technologies Corporation
MLPX,,,Global X MLP & Energy Infrastructure ETF
ELLO,Utilities,Utilities - Renewable,Ellomay Capital Ltd.
PDLB1,,,
AIMC,,,
STL,,,
SBNY,Financial Services,Banks - Regional,Signature Bank
OZK,Financial Services,Banks - Regional,Bank OZK
ADNT,Consumer Cyclical,Auto Parts,Adient plc
NVR,Consumer Cyclical,Residential Construction,"NVR, Inc."
JHG,Financial Services,Asset Management,Janus Henderson Group plc
PNFP,Financial Services,Banks - Regional,"Pinnacle Financial Partners, Inc."
WGO,Consumer Cyclical,Recreational Vehicles,"Winnebago Industries, Inc."
LABL,,,
ORBK,,,
TRUP,Financial Services,Insurance - Property & Casualty,"Trupanion, Inc."
EXP,Basic Materials,Building Materials,Eagle Materials Inc.
DFIN,Technology,Software - Application,"Donnelley Financial Solutions, Inc."
RVI,,,
EPRT,Real Estate,REIT - Retail,"Essential Properties Realty Trust, Inc."
CIXX,,,
TALX,,,
SHOP,Technology,Software - Application,Shopify Inc.
MOCO,,,
ET,Energy,Oil & Gas Midstream,Energy Transfer LP
LIN,Basic Materials,Specialty Chemicals,Linde plc
EQH,Financial Services,Asset Management,"Equitable Holdings, Inc."
CLAR,Consumer Cyclical,Leisure,Clarus Corporation
CGC,Healthcare,Drug Manufacturers - Specialty & Generic,Canopy Growth Corporation
ARKK,,,ARK Innovation ETF
WCLX,,,
PANW,Technology,Software - Infrastructure,"Palo Alto Networks, Inc."
BGCP,,,
IBKR,Financial Services,Capital Markets,"Interactive Brokers Group, Inc."
OSK,Industrials,Farm & Heavy Construction Machinery,Oshkosh Corporation
MRVL,Technology,Semiconductors,"Marvell Technology, Inc."
BLUE,,,
MVBF,Financial Services,Banks - Regional,MVB Financial Corp.
XOG,,,
UPHN,,,
GWRE,Technology,Software - Application,"Guidewire Software, Inc."
KMTUY,Industrials,Farm & Heavy Construction Machinery,Komatsu Ltd.
MSTY.PA,,,
SMAWF,Industrials,Specialty Industrial Machinery,Siemens Aktiengesellschaft
GTX,Consumer Cyclical,Auto Parts,Garrett Motion Inc.
REZI,Industrials,Industrial Distribution,"Resideo Technologies, Inc."
ADDYY,Consumer Cyclical,Footwear & Accessories,adidas AG
ET-PC,,,
SONO,Technology,Consumer Electronics,"Sonos, Inc."
ZBRA,Technology,Communication Equipment,Zebra Technologies Corporation
NOW,Technology,Software - Application,"ServiceNow, Inc."
LGF.B,,,
DANOY,Consumer Defensive,Packaged Foods,Danone S.A.
FANG,Energy,Oil & Gas E&P,"Diamondback Energy, Inc."
SHECY,Basic Materials,Chemicals,"Shin-Etsu Chemical Co., Ltd."
ACGPF,,,
IDEXY,Consumer Cyclical,Apparel Retail,"Industria de Diseño Textil, S.A."
ROYMY,Industrials,Integrated Freight & Logistics,International Distribution Services Limited
DB,Financial Services,Banks - Regional,Deutsche Bank Aktiengesellschaft
STBFY,Consumer Defensive,Beverages - Non-Alcoholic,Suntory Beverage & Food Limited
TEF,Communication Services,Telecom Services,"Telefónica, S.A."
YAHOY,Consumer Cyclical,Internet Retail,LY Corporation
ATLKY,Industrials,Specialty Industrial Machinery,Atlas Copco AB (publ)
AIVAF,Financial Services,Insurance - Diversified,Aviva plc
INGIY,,,
ATASY,,,
ELUXY,Consumer Cyclical,"Furnishings, Fixtures & Appliances",AB Electrolux (publ)
CODYY,Industrials,Building Products & Equipment,Compagnie de Saint-Gobain S.A.
SKFRY,Industrials,Tools & Accessories,AB SKF (publ)
SITC,Real Estate,REIT - Retail,SITE Centers Corp.
NABZY,Financial Services,Banks - Diversified,National Australia Bank Limited
DNSKY,,,
MTZPY,,,
VAC,Consumer Cyclical,Resorts & Casinos,Marriott Vacations Worldwide Corporation
VLEEY,Consumer Cyclical,Auto Parts,Valeo SE
SNH,,,
PUBGY,Communication Services,Advertising Agencies,Publicis Groupe S.A.
TI,,,
REPYY,Energy,Oil & Gas Integrated,"Repsol, S.A."
TKPYY,,,Takeda Pharmaceutical Company Limited
KGFHY,Consumer Cyclical,Home Improvement Retail,Kingfisher plc
HDELY,,,
JGCCY,Industrials,Engineering & Construction,JGC Holdings Corporation
SGH,,,
ELLI,,,
BAMXF,Consumer Cyclical,Auto Manufacturers,Bayerische Motoren Werke Aktiengesellschaft
NTR,Basic Materials,Agricultural Inputs,Nutrien Ltd.
DKS,Consumer Cyclical,Specialty Retail,"DICK'S Sporting Goods, Inc."
WPM,Basic Materials,Gold,Wheaton Precious Metals Corp.
TWOU,,,
BL,Technology,Software - Application,"BlackLine, Inc."
IEMG,,,iShares Core MSCI Emerging Markets ETF
LM09.SG,,,
NTNX,Technology,Software - Infrastructure,"Nutanix, Inc."
CARG,Consumer Cyclical,Auto & Truck Dealerships,"CarGurus, Inc."
FWONK,Communication Services,Entertainment,Formula One Group
CLNC,,,
HAINX,,,Harbor International Institutional
VCSH,,,Vanguard Short-Term Corporate Bond Index Fund ETF Shares
IWO,,,iShares Russell 2000 Growth ETF
FSTFX,,,Fidelity Advisor Ltd Term Muni Inc
BBAVY,,,
EMLP,,,First Trust North American Energy Infrastructure Fund
TIF,,,
SPKE,,,
SAFM,,,
MTSI,Technology,Semiconductors,"MACOM Technology Solutions Holdings, Inc."
MALOX,,,BlackRock Global Allocation Fund
CCT,,,
FSK,Financial Services,Asset Management,FS KKR Capital Corp.
ACA,Industrials,Engineering & Construction,"Arcosa, Inc."
JBAXY,Financial Services,Asset Management,Julius Bär Gruppe AG
NDEKY,Basic Materials,Specialty Chemicals,Nitto Denko Corporation
DWAHY,Real Estate,Real Estate - Development,"Daiwa House Industry Co., Ltd."
SKVKY,,,
SMTA,,,
SSREY,Financial Services,Insurance - Reinsurance,Swiss Re AG
TLSNY,Communication Services,Telecom Services,Telia Company AB (publ)
BHR,Real Estate,REIT - Hotel & Motel,Braemar Hotels & Resorts Inc.
HLPPY,Real Estate,Real Estate Services,Hang Lung Properties Limited
MQBKY,Financial Services,Capital Markets,Macquarie Group Limited
STAR,,,
AMCRY,,,
QBIEY,Financial Services,Insurance - Property & Casualty,QBE Insurance Group Limited
CRZBY,Financial Services,Banks - Regional,Commerzbank AG
UPMKY,,,
TAK,Healthcare,Drug Manufacturers - Specialty & Generic,Takeda Pharmaceutical Company Limited
LN,,,
MRT,Technology,Software - Application,"Marti Technologies, Inc."
FSNUY,Healthcare,Medical Care Facilities,Fresenius SE & Co. KGaA
ENGGY,Utilities,Utilities - Regulated Gas,"Enagás, S.A."
ASOMY,Consumer Cyclical,Internet Retail,ASOS Plc
SUHJY,Real Estate,Real Estate - Development,Sun Hung Kai Properties Limited
WOPEY,,,
SCGLY,Financial Services,Banks - Regional,Société Générale Société anonyme
GFAFX,,,American Funds Growth Fund of Amer F1
SEKEY,Technology,Computer Hardware,Seiko Epson Corporation
QRTEA,,,
ETM,,,
IX,Financial Services,Financial Conglomerates,ORIX Corporation
HLUYY,,,
FUPBY,Basic Materials,Specialty Chemicals,Fuchs SE
SWRAY,Industrials,Conglomerates,Swire Pacific Limited
HPT,,,
HENOY,Consumer Defensive,Household & Personal Products,Henkel AG & Co. KGaA
VCR,,,Vanguard Consumer Discretionary Index Fund ETF Shares
YETI,Consumer Cyclical,Leisure,"YETI Holdings, Inc."
MZOR,,,Mazor Robotics Ltd.
CHDN,Consumer Cyclical,Gambling,Churchill Downs Incorporated
KUBTY,Industrials,Farm & Heavy Construction Machinery,Kubota Corporation
ARAV,,,
VRTU,,,
GGG,Industrials,Specialty Industrial Machinery,Graco Inc.
TTS,,,
CIVI,Energy,Oil & Gas E&P,"Civitas Resources, Inc."
LDL,,,
DELL,Technology,Computer Hardware,Dell Technologies Inc.
TCF,,,
NVGS,Energy,Oil & Gas Midstream,Navigator Holdings Ltd.
PETQ,,,
PGC,Financial Services,Banks - Regional,Peapack-Gladstone Financial Corporation
PLYA,,,
OXM,Consumer Cyclical,Apparel Manufacturing,"Oxford Industries, Inc."
NEU,Basic Materials,Specialty Chemicals,NewMarket Corporation
MDRX,Healthcare,Health Information Services,Veradigm Inc.
ARI,Real Estate,REIT - Mortgage,"Apollo Commercial Real Estate Finance, Inc."
ABM,Industrials,Specialty Business Services,ABM Industries Incorporated
FAF,Financial Services,Insurance - Specialty,First American Financial Corporation
TMHC,Consumer Cyclical,Residential Construction,Taylor Morrison Home Corporation
HL,Basic Materials,Other Precious Metals & Mining,Hecla Mining Company
VCRA,,,
MC,Financial Services,Capital Markets,Moelis & Company
CVGW,Consumer Defensive,Food Distribution,"Calavo Growers, Inc."
YEXT,Technology,Software - Infrastructure,"Yext, Inc."
CDEV,,,
VGT,,,Vanguard Information Technology Index Fund ETF Shares
LLESY,Real Estate,Real Estate - Diversified,Lendlease Group
GCGMF,,,
EXG,Financial Services,Asset Management,Eaton Vance Tax-Managed Global Diversified Equity Income Fund
DNTUY,Communication Services,Advertising Agencies,Dentsu Group Inc.
CSLT,,,
SR,Utilities,Utilities - Regulated Gas,Spire Inc.
PLNT,Consumer Cyclical,Leisure,"Planet Fitness, Inc."
PTEST,,,
CPRT,Industrials,Specialty Business Services,"Copart, Inc."
TSPT,,,
VFP,,,
CPSH,Technology,Electronic Components,CPS Technologies Corporation
WCG,,,
TLRY,Healthcare,Drug Manufacturers - Specialty & Generic,"Tilray Brands, Inc."
TWLO,Technology,Software - Infrastructure,Twilio Inc.
ROL,Consumer Cyclical,Personal Services,"Rollins, Inc."
FDC1,,,
AJRD,,,
GGT,Financial Services,Asset Management,The Gabelli Multimedia Trust Inc.
BEL,,,
HE,Utilities,Utilities - Regulated Electric,"Hawaiian Electric Industries, Inc."
AMSF,Financial Services,Insurance - Specialty,"AMERISAFE, Inc."
UNF,Industrials,Specialty Business Services,UniFirst Corporation
PBYI,Healthcare,Biotechnology,"Puma Biotechnology, Inc."
RCII,,,
PGRE,Real Estate,REIT - Office,"Paramount Group, Inc."
AOBC,,,
RGLD,Basic Materials,Gold,"Royal Gold, Inc."
THG,Financial Services,Insurance - Property & Casualty,"The Hanover Insurance Group, Inc."
MTN,Consumer Cyclical,Resorts & Casinos,"Vail Resorts, Inc."
AX,Financial Services,Banks - Regional,"Axos Financial, Inc."
BRY,Energy,Oil & Gas E&P,Berry Corporation
KRG,Real Estate,REIT - Retail,Kite Realty Group Trust
OPI,,,
ILPT,Real Estate,REIT - Industrial,Industrial Logistics Properties Trust
MSB,Basic Materials,Steel,Mesabi Trust
HESM,Energy,Oil & Gas Midstream,Hess Midstream LP
TCEHY,Communication Services,Internet Content & Information,Tencent Holdings Limited
TRU,Financial Services,Financial Data & Stock Exchanges,TransUnion
CDW,Technology,Information Technology Services,CDW Corporation
IBDRY,Utilities,Utilities - Diversified,"Iberdrola, S.A."
SII,Financial Services,Asset Management,Sprott Inc.
FLXN,,,Horizon Flexible Income ETF
PRSP,,,
TNTOF,,,
CNXM,,,
IRBT,Consumer Cyclical,"Furnishings, Fixtures & Appliances",iRobot Corporation
WMGI,,,
PER,,,
CVET,,,
GCO,Consumer Cyclical,Apparel Retail,Genesco Inc.
HIW,Real Estate,REIT - Office,"Highwoods Properties, Inc."
CCS,Real Estate,Real Estate - Development,"Century Communities, Inc."
PSB,,,
SAVE,,,
PS,,,
FHB,Financial Services,Banks - Regional,"First Hawaiian, Inc."
BLKB,Technology,Software - Application,"Blackbaud, Inc."
RCKY,Consumer Cyclical,Footwear & Accessories,"Rocky Brands, Inc."
DNB,,,
CINR,,,
CNMD,Healthcare,Medical Devices,CONMED Corporation
912796QV4,,,
UNICY,Consumer Defensive,Household & Personal Products,Unicharm Corporation
CHGCY,Healthcare,Drug Manufacturers - General,"Chugai Pharmaceutical Co., Ltd."
VC,Consumer Cyclical,Auto Parts,Visteon Corporation
BXS,,,
EGP,Real Estate,REIT - Industrial,"EastGroup Properties, Inc."
APLE,Real Estate,REIT - Hotel & Motel,"Apple Hospitality REIT, Inc."
TLND,,,
CPRI,Consumer Cyclical,Luxury Goods,Capri Holdings Limited
AHONY,,,
SPKEP,,,
WES2,,,
FF,Basic Materials,Specialty Chemicals,FutureFuel Corp.
SRPT,Healthcare,Biotechnology,"Sarepta Therapeutics, Inc."
CACI,Technology,Information Technology Services,CACI International Inc
UMC,Technology,Semiconductors,United Microelectronics Corporation
MGP,,,
DPZ,Consumer Cyclical,Restaurants,"Domino's Pizza, Inc."
USFD,Consumer Defensive,Food Distribution,US Foods Holding Corp.
MSG,,,
SERV,Industrials,Specialty Industrial Machinery,Serve Robotics Inc.
WW,Consumer Cyclical,Personal Services,"WW International, Inc."
CTLT,,,
KEYS,Technology,Scientific & Technical Instruments,"Keysight Technologies, Inc."
NIO,Consumer Cyclical,Auto Manufacturers,NIO Inc.
BFAM,Consumer Cyclical,Personal Services,Bright Horizons Family Solutions Inc.
MAIN,Financial Services,Asset Management,Main Street Capital Corporation
ERI,,,
IVW,,,iShares S&P 500 Growth ETF
POR,Utilities,Utilities - Regulated Electric,Portland General Electric Company
BH,Consumer Cyclical,Restaurants,Biglari Holdings Inc.
RPT,Real Estate,REIT - Mortgage,
BKI,,,
DEA,Real Estate,REIT - Office,"Easterly Government Properties, Inc."
IEFA,,,iShares Core MSCI EAFE ETF
DOMO,Technology,Software - Application,"Domo, Inc."
IVV,,,iShares Core S&P 500 ETF
IJR,,,iShares Core S&P Small-Cap ETF
EDIT,Healthcare,Biotechnology,"Editas Medicine, Inc."
XENT,,,
AGO,Financial Services,Insurance - Specialty,Assured Guaranty Ltd.
TER,Technology,Semiconductor Equipment & Materials,"Teradyne, Inc."
ESNT,Financial Services,Insurance - Specialty,Essent Group Ltd.
WYND,,,
ELAN,Healthcare,Drug Manufacturers - Specialty & Generic,Elanco Animal Health Incorporated
ECOL,,,
XSLV,,,Invesco S&P SmallCap Low Volatility ETF
MONOY,Consumer Cyclical,Internet Retail,"MonotaRO Co., Ltd."
EADSY,Industrials,Aerospace & Defense,Airbus SE
SAFRY,Industrials,Aerospace & Defense,Safran SA
GOOS,Consumer Cyclical,Apparel Manufacturing,Canada Goose Holdings Inc.
MINI,,,
CDNA,Healthcare,Diagnostics & Research,"CareDx, Inc."
ESLOY,Healthcare,Medical Instruments & Supplies,EssilorLuxottica Société anonyme
VST,Utilities,Utilities - Independent Power Producers,Vistra Corp.
CTRP,,,
BOTA,,,
EVBG,,,
EHC,Healthcare,Medical Care Facilities,Encompass Health Corporation
EPOKY,,,
PNGAY,Financial Services,Insurance - Life,"Ping An Insurance (Group) Company of China, Ltd."
EGHT,Technology,Software - Application,"8x8, Inc."
SITE,Industrials,Industrial Distribution,"SiteOne Landscape Supply, Inc."
GBX,Industrials,Railroads,"The Greenbrier Companies, Inc."
VICI,Real Estate,REIT - Diversified,VICI Properties Inc.
EYE,Consumer Cyclical,Specialty Retail,"National Vision Holdings, Inc."
UTGN,Financial Services,Insurance - Life,"UTG, Inc."
COT,,,
LTHM,,,
CMD,,,
FFHRX,,,GQG Partners Global Quality Equity Fund Series F5 NL (800653A2)
PRNHX,,,T. Rowe Price New Horizons
FCNTX,,,Fidelity Contrafund
FLMVX,,,JPMorgan Mid Cap Value L
BRO,Financial Services,Insurance Brokers,"Brown & Brown, Inc."
LLL,,,
DCI,Industrials,Specialty Industrial Machinery,"Donaldson Company, Inc."
MIELY,Industrials,Electrical Equipment & Parts,Mitsubishi Electric Corporation
FCPT,Real Estate,REIT - Retail,"Four Corners Property Trust, Inc."
HOPE,Financial Services,Banks - Regional,"Hope Bancorp, Inc."
CHEUY,,,
GOLF,Consumer Cyclical,Leisure,Acushnet Holdings Corp.
BOKF,Financial Services,Banks - Regional,BOK Financial Corporation
WGHPY,,,
MSA,Industrials,Security & Protection Services,MSA Safety Incorporated
JRVR,Financial Services,Insurance - Specialty,"James River Group Holdings, Inc."
DUK PA,,,
ENR,Industrials,Electrical Equipment & Parts,"Energizer Holdings, Inc."
NNN,Real Estate,REIT - Retail,"NNN REIT, Inc."
TKOMY,Financial Services,Insurance - Property & Casualty,"Tokio Marine Holdings, Inc."
CM,Financial Services,Banks - Diversified,Canadian Imperial Bank of Commerce
TSCDY,Consumer Defensive,Grocery Stores,Tesco PLC
KLIC,Technology,Semiconductor Equipment & Materials,"Kulicke and Soffa Industries, Inc."
NHI,Real Estate,REIT - Healthcare Facilities,"National Health Investors, Inc."
DLX,Industrials,Conglomerates,Deluxe Corporation
SC,,,
FTS,Utilities,Utilities - Regulated Electric,Fortis Inc.
DK,Energy,Oil & Gas Refining & Marketing,"Delek US Holdings, Inc."
NMRK,Real Estate,Real Estate Services,"Newmark Group, Inc."
LCII,Consumer Cyclical,Recreational Vehicles,LCI Industries
HA,,,
BLX,Financial Services,Banks - Regional,"Banco Latinoamericano de Comercio Exterior, S. A."
NDSN,Industrials,Specialty Industrial Machinery,Nordson Corporation
FUJIY,Industrials,Conglomerates,FUJIFILM Holdings Corporation
CONE,,,
LFUS,Technology,Electronic Components,"Littelfuse, Inc."
MRET,,,
AGR,,,
ZUO,,,
MSAI,Technology,Software - Infrastructure,"MultiSensor AI Holdings, Inc."
DCP,,,
TORIX,,,Tortoise Energy Infrastructure TR Ins
DIN,Consumer Cyclical,Restaurants,"Dine Brands Global, Inc."
ZEN,,,
PLAY,Communication Services,Entertainment,"Dave & Buster's Entertainment, Inc."
H,Consumer Cyclical,Lodging,Hyatt Hotels Corporation
RDUS,,,
SGSOY,Industrials,Consulting Services,SGS SA
VIOT,Consumer Cyclical,"Furnishings, Fixtures & Appliances","Viomi Technology Co., Ltd"
CAE,Industrials,Aerospace & Defense,CAE Inc.
SFTBF,Communication Services,Telecom Services,SoftBank Group Corp.
UNCHF,Consumer Defensive,Household & Personal Products,Unicharm Corporation
NTDMF,,,
ADSW,,,
ALC,Healthcare,Medical Instruments & Supplies,Alcon Inc.
VVI,,,
NOVT,Technology,Scientific & Technical Instruments,Novanta Inc.
PLCE,Consumer Cyclical,Apparel Manufacturing,"The Children's Place, Inc."
LLDTF,Financial Services,Banks - Regional,Lloyds Banking Group plc
AXGN,Healthcare,Medical Devices,"Axogen, Inc."
AMED,,,
BIG,,,
AMBA,Technology,Semiconductor Equipment & Materials,"Ambarella, Inc."
CWEN,Utilities,Utilities - Renewable,"Clearway Energy, Inc."
INST,,,
OSW,Consumer Cyclical,Leisure,OneSpaWorld Holdings Limited
PINC,Healthcare,Health Information Services,"Premier, Inc."
MOH,Healthcare,Healthcare Plans,"Molina Healthcare, Inc."
EDU,Consumer Defensive,Education & Training Services,New Oriental Education & Technology Group Inc.
PEGA,Technology,Software - Application,Pegasystems Inc.
LW,Consumer Defensive,Packaged Foods,"Lamb Weston Holdings, Inc."
ICPT,,,
PRAH,,,
FICO,Technology,Software - Application,Fair Isaac Corporation
RNG,Technology,Software - Application,"RingCentral, Inc."
SCHN,,,
MED,Consumer Cyclical,Personal Services,"Medifast, Inc."
TLRA,,,
KMT,Industrials,Tools & Accessories,Kennametal Inc.
REXR,Real Estate,REIT - Industrial,"Rexford Industrial Realty, Inc."
FBC,,,
RDFN,,,
MTCH1,,,
CAP,,,
MITK,Technology,Software - Application,"Mitek Systems, Inc."
MDSO,,,
CEQP,,,
DMRC,Technology,Software - Application,Digimarc Corporation
TNC,Industrials,Specialty Industrial Machinery,Tennant Company
FIVN,Technology,Software - Infrastructure,"Five9, Inc."
ATRC,Healthcare,Medical Instruments & Supplies,"AtriCure, Inc."
07/01/36,,,
07/01/28,,,
EXAS,Healthcare,Diagnostics & Research,Exact Sciences Corporation
EGY,Energy,Oil & Gas E&P,"VAALCO Energy, Inc."
PSIX,Industrials,Specialty Industrial Machinery,"Power Solutions International, Inc."
AMBR,Technology,Software - Infrastructure,Amber International Holding Limited
MTH,Consumer Cyclical,Residential Construction,Meritage Homes Corporation
EVOP,,,
TPX,,,
SHAK,Consumer Cyclical,Restaurants,Shake Shack Inc.
CRUS,Technology,Semiconductors,"Cirrus Logic, Inc."
PRGS,Technology,Software - Infrastructure,Progress Software Corporation
AVTR,Healthcare,Medical Instruments & Supplies,"Avantor, Inc."
BIF,,,
ESGR,,,
40055AY43,,,
EAF,Industrials,Electrical Equipment & Parts,GrafTech International Ltd.
COHR,Technology,Scientific & Technical Instruments,Coherent Corp.
AMRX,Healthcare,Drug Manufacturers - Specialty & Generic,"Amneal Pharmaceuticals, Inc."
COLD,Real Estate,REIT - Industrial,"Americold Realty Trust, Inc."
DSDVY,Industrials,Integrated Freight & Logistics,DSV A/S
PPRUY,Consumer Cyclical,Luxury Goods,Kering SA
GVDNY,Basic Materials,Specialty Chemicals,Givaudan SA
DBOEY,Financial Services,Financial Data & Stock Exchanges,Deutsche Börse AG
KOSCF,Consumer Defensive,Household & Personal Products,KOSE Holdings Corporation
RELX,Industrials,Specialty Business Services,RELX PLC
BGNE,,,
HESAY,Consumer Cyclical,Luxury Goods,Hermès International Société en commandite par actions
KKPNY,Communication Services,Telecom Services,Koninklijke KPN N.V.
ROAN,,,
NJ,,,
HOCPY,Healthcare,Medical Instruments & Supplies,HOYA Corporation
LDNXF,Financial Services,Financial Data & Stock Exchanges,London Stock Exchange Group plc
ASAZY,Industrials,Security & Protection Services,ASSA ABLOY AB (publ)
SONVY,Healthcare,Medical Devices,Sonova Holding AG
SAXPY,Financial Services,Insurance - Diversified,Sampo Oyj
HKXCY,Financial Services,Financial Data & Stock Exchanges,Hong Kong Exchanges and Clearing Limited
PUK,Financial Services,Insurance - Life,Prudential plc
JMHLY,Industrials,Conglomerates,Jardine Matheson Holdings Limited
GMXAY,,,
KBCSY,Financial Services,Banks - Regional,KBC Group NV
RYDBF,,,
OOCP,,,
DNHBY,,,
IHG,Consumer Cyclical,Lodging,InterContinental Hotels Group PLC
PCRX,Healthcare,Drug Manufacturers - Specialty & Generic,"Pacira BioSciences, Inc."
MDXG,Healthcare,Biotechnology,"MiMedx Group, Inc."
FFRHX,,,Fidelity Floating Rate High Income
CTVA,Basic Materials,Agricultural Inputs,"Corteva, Inc."
40056FN84,,,
FIGS,Consumer Cyclical,Apparel Manufacturing,"FIGS, Inc."
SQSP,,,
SM,Energy,Oil & Gas E&P,SM Energy Company
UBER,Technology,Software - Application,"Uber Technologies, Inc."
MUR,Energy,Oil & Gas E&P,Murphy Oil Corporation
GDRX,Healthcare,Health Information Services,"GoodRx Holdings, Inc."
ARR,Real Estate,REIT - Mortgage,"ARMOUR Residential REIT, Inc."
CXP,,,
LAUR,Consumer Defensive,Education & Training Services,"Laureate Education, Inc."
GBT,,,
BOOM,Industrials,Conglomerates,DMC Global Inc.
OOM,,,
RDSA.AS,,,
NEOG,Healthcare,Diagnostics & Research,Neogen Corporation
VABK,Financial Services,Banks - Regional,Virginia National Bankshares Corporation
NVCR,Healthcare,Medical Devices,NovoCure Limited
AESC,,,
ALFVY,Industrials,Specialty Industrial Machinery,Alfa Laval AB (publ)
COR,Healthcare,Medical Distribution,"Cencora, Inc."
CDE,Basic Materials,Gold,"Coeur Mining, Inc."
SGEN,,,
LANC,,,
FFIN,Financial Services,Banks - Regional,"First Financial Bankshares, Inc."
FIBK,Financial Services,Banks - Regional,"First Interstate BancSystem, Inc."
MPWR,Technology,Semiconductors,"Monolithic Power Systems, Inc."
USPH,Healthcare,Medical Care Facilities,"U.S. Physical Therapy, Inc."
VRNS,Technology,Software - Infrastructure,"Varonis Systems, Inc."
COUP,,,
APVO,Healthcare,Biotechnology,Aptevo Therapeutics Inc.
FOXF,Consumer Cyclical,Auto Parts,Fox Factory Holding Corp.
CCOI,Communication Services,Telecom Services,"Cogent Communications Holdings, Inc."
GRFS,Healthcare,Drug Manufacturers - General,"Grifols, S.A."
CHH,Consumer Cyclical,Lodging,"Choice Hotels International, Inc."
CRL,Healthcare,Diagnostics & Research,"Charles River Laboratories International, Inc."
WING,Consumer Cyclical,Restaurants,Wingstop Inc.
IRTC,Healthcare,Medical Devices,"iRhythm Holdings, Inc."
DLB,Industrials,Specialty Business Services,"Dolby Laboratories, Inc."
BSTZ,Financial Services,Asset Management,BlackRock Science and Technology Term Trust
CHNG,,,
AMADY,Technology,Information Technology Services,"Amadeus IT Group, S.A."
SNHNI,,,
HUB.A,,,
UMBF,Financial Services,Banks - Regional,UMB Financial Corporation
DSW,,,
KTB,Consumer Cyclical,Apparel Manufacturing,"Kontoor Brands, Inc."
LYFT,Technology,Software - Application,"Lyft, Inc."
CRWD,Technology,Software - Infrastructure,"CrowdStrike Holdings, Inc."
ATO,Utilities,Utilities - Regulated Gas,Atmos Energy Corporation
ENS,Industrials,Electrical Equipment & Parts,EnerSys
RYAOF,Industrials,Airlines,Ryanair Holdings plc
BKDT,,,
ABCB,Financial Services,Banks - Regional,Ameris Bancorp
TSCIX,,,AMG TimesSquare Small Cap Growth Z
GTCSX,,,Glenmede Small Cap Equity Adv
VPMAX,,,Vanguard PRIMECAP Adm
CEF,,,Sprott Physical Gold and Silver Trust
BMO,Financial Services,Banks - Diversified,Bank of Montreal
ALRM,Technology,Software - Application,"Alarm.com Holdings, Inc."
ASB,Financial Services,Banks - Regional,Associated Banc-Corp
VDC,,,Vanguard Consumer Staples Index Fund ETF Shares
USMC,,,Principal U.S. Mega-Cap ETF
CWB,,,State Street SPDR Bloomberg Convertible Securities ETF
ICOR2,,,
ANIK,Healthcare,Drug Manufacturers - Specialty & Generic,"Anika Therapeutics, Inc."
BYND,Consumer Defensive,Packaged Foods,"Beyond Meat, Inc."
ETRN,,,
RHP,Real Estate,REIT - Hotel & Motel,"Ryman Hospitality Properties, Inc."
IAA,,,
UGI,Utilities,Utilities - Regulated Gas,UGI Corporation
SYNH,,,
AMEH,,,
EBS,Healthcare,Drug Manufacturers - Specialty & Generic,Emergent BioSolutions Inc.
912796SH3,,,
FMBA,,,
UCON,,,First Trust Smith Unconstrained Plus Bond ETF
JSAIY,Consumer Defensive,Grocery Stores,J Sainsbury plc
BZLFY,Consumer Defensive,Food Distribution,Bunzl plc
AMKBY,Industrials,Marine Shipping,A.P. Møller - Mærsk A/S
PCRFY,,,
TVTY,,,
SWDBY,Financial Services,Banks - Regional,Swedbank AB (publ)
GFSZY,,,
SVNDY,Consumer Defensive,Grocery Stores,"Seven & i Holdings Co., Ltd."
CWST,Industrials,Waste Management,"Casella Waste Systems, Inc."
HLI,Financial Services,Capital Markets,"Houlihan Lokey, Inc."
SDC,,,
WBS,Financial Services,Banks - Regional,Webster Financial Corporation
0QZI.IL,Communication Services,Internet Content & Information,"Meta Platforms, Inc."
3V64.TI,,,
PTON,Consumer Cyclical,Leisure,"Peloton Interactive, Inc."
FIKMX,,,Fidelity Advisor Real Estate Income Z
OS,Technology,Software - Infrastructure,"OneStream, Inc."
ALRS,Financial Services,Banks - Regional,Alerus Financial Corporation
SH,,,ProShares Short S&P500
SBUFQ,,,
CNXN,Technology,Electronics & Computer Distribution,"PC Connection, Inc."
QRVO,Technology,Semiconductors,"Qorvo, Inc."
SBGSY,Industrials,Specialty Industrial Machinery,Schneider Electric S.E.
DGRO,,,iShares Core Dividend Growth ETF
OLLI,Consumer Defensive,Discount Stores,"Ollie's Bargain Outlet Holdings, Inc."
OCLCF,Technology,Software - Infrastructure,Oracle Corporation Japan
FRC-PL,,,
BKR,Energy,Oil & Gas Equipment & Services,Baker Hughes Company
WWE,,,
BRBR,Consumer Defensive,Packaged Foods,"BellRing Brands, Inc."
ETSY,Consumer Cyclical,Internet Retail,"Etsy, Inc."
LGF.A,,,
LAD,Consumer Cyclical,Auto & Truck Dealerships,"Lithia Motors, Inc."
RGNX,Healthcare,Biotechnology,REGENXBIO Inc.
12/01/37,,,
MN,,,
CLS,Technology,Electronic Components,Celestica Inc.
TCP,,,
FBSI,Financial Services,Banks - Regional,"First Bancshares, Inc."
SBCF,Financial Services,Banks - Regional,Seacoast Banking Corporation of Florida
CCEP,Consumer Defensive,Beverages - Non-Alcoholic,Coca-Cola Europacific Partners PLC
INVH,Real Estate,REIT - Residential,Invitation Homes Inc.
IIVI,,,
IAC,Communication Services,Internet Content & Information,IAC Inc.
TRHC,,,
NGM,,,
ECA,,,
FND,Consumer Cyclical,Home Improvement Retail,"Floor & Decor Holdings, Inc."
INMD,Healthcare,Medical Devices,InMode Ltd.
TIP,,,iShares TIPS Bond ETF
DAIUF,Industrials,Specialty Industrial Machinery,"Daifuku Co., Ltd."
FANUF,Industrials,Specialty Industrial Machinery,Fanuc Corporation
CYRX,Industrials,Integrated Freight & Logistics,"Cryoport, Inc."
PI,Technology,Semiconductors,"Impinj, Inc."
TRNO,Real Estate,REIT - Industrial,Terreno Realty Corporation
CIIG,,,
GSLC,,,Goldman Sachs ActiveBeta U.S. Large Cap Equity ETF
VIG,,,Vanguard Dividend Appreciation Index Fund ETF Shares
VCYT,Healthcare,Diagnostics & Research,"Veracyte, Inc."
NTLA,Healthcare,Biotechnology,"Intellia Therapeutics, Inc."
RNLSY,Consumer Cyclical,Auto Manufacturers,Renault SA
QUAD,Industrials,Specialty Business Services,"Quad/Graphics, Inc."
ERH,Financial Services,Asset Management,Allspring Utilities and High Income Fund
UI,Technology,Communication Equipment,Ubiquiti Inc.
WSBC,Financial Services,Banks - Regional,"WesBanco, Inc."
CNS,Financial Services,Asset Management,"Cohen & Steers, Inc."
SMMCU,,,
WDFC,Basic Materials,Specialty Chemicals,WD-40 Company
SOI,,,
EXPO,Industrials,Engineering & Construction,"Exponent, Inc."
NSP,Industrials,Staffing & Employment Services,"Insperity, Inc."
NEWR,,,
NEO,Healthcare,Diagnostics & Research,"NeoGenomics, Inc."
PROF,Healthcare,Medical Devices,Profound Medical Corp.
TGBAX,,,Templeton Global Bond Adv
VBTX,,,
BYD,Consumer Cyclical,Resorts & Casinos,Boyd Gaming Corporation
TCOM,Consumer Cyclical,Travel Services,Trip.com Group Limited
CHUY,,,
IVE,,,iShares S&P 500 Value ETF
TMUSP,,,
BIV,,,Vanguard Intermediate-Term Bond Index Fund
VFIJX,,,Vanguard GNMA Fund
ADTN,Technology,Communication Equipment,"ADTRAN Holdings, Inc."
NVEE,,,
COMM,Technology,Communication Equipment,"CommScope Holding Company, Inc."
BHC,Healthcare,Drug Manufacturers - Specialty & Generic,Bausch Health Companies Inc.
RP,,,
ACQR,,,
CYBR,Technology,Software - Infrastructure,CyberArk Software Ltd.
TFC,Financial Services,Banks - Regional,Truist Financial Corporation
AMCR,Consumer Cyclical,Packaging & Containers,Amcor plc
PEAK,,,
ITT,Industrials,Specialty Industrial Machinery,ITT Inc.
ETRADE,,,
GCP,,,
GTY,Real Estate,REIT - Retail,Getty Realty Corp.
AROW,Financial Services,Banks - Regional,Arrow Financial Corporation
FMCMF,,,
CRY,,,
KIDS,Healthcare,Medical Devices,OrthoPediatrics Corp.
SANM,Technology,Electronic Components,Sanmina Corporation
DEACU,,,
DKNG,Consumer Cyclical,Gambling,DraftKings Inc.
GSAH,,,
FRFHF,Financial Services,Insurance - Property & Casualty,Fairfax Financial Holdings Limited
GO,Consumer Defensive,Grocery Stores,Grocery Outlet Holding Corp.
BMEZ,Financial Services,Asset Management,BlackRock Health Sciences Term Trust
912796WX3,,,
PHR,Healthcare,Health Information Services,"Phreesia, Inc."
KL,,,
EXLS,Technology,Information Technology Services,"ExlService Holdings, Inc."
ARNA,,,
SLND,Industrials,Engineering & Construction,"Southland Holdings, Inc."
FNKO,Consumer Cyclical,Leisure,"Funko, Inc."
FIX,Industrials,Engineering & Construction,"Comfort Systems USA, Inc."
CTRCF,,,
TCO,,,
VIAC,,,
SPCE,Industrials,Aerospace & Defense,"Virgin Galactic Holdings, Inc."
SNNUF,Healthcare,Medical Devices,Smith & Nephew plc
OKTA,Technology,Software - Infrastructure,"Okta, Inc."
ATH-PC,,,
RFXCQ,,,
IVDA,Industrials,Security & Protection Services,"Iveda Solutions, Inc."
VWDRY,Industrials,Specialty Industrial Machinery,Vestas Wind Systems A/S
KRNT,Industrials,Specialty Industrial Machinery,Kornit Digital Ltd.
DOMA,,,
TREE,Financial Services,Financial Conglomerates,"LendingTree, Inc."
IAU,,,iShares Gold Trust
GH,Healthcare,Diagnostics & Research,"Guardant Health, Inc."
HMN,Financial Services,Insurance - Property & Casualty,Horace Mann Educators Corporation
SGIOY,Healthcare,Drug Manufacturers - Specialty & Generic,"Shionogi & Co., Ltd."
RPD,Technology,Software - Infrastructure,"Rapid7, Inc."
PSNL,Healthcare,Diagnostics & Research,"Personalis, Inc."
QSY,,,WisdomTree U.S. Quality Shareholder Yield Fund
BGFV,,,
HZN,,,
FTDR,Consumer Cyclical,Personal Services,"Frontdoor, Inc."
WORK,,,
DOCU,Technology,Software - Application,"DocuSign, Inc."
NULG,,,Nuveen ESG Large-Cap Growth ETF
SPYG,,,State Street SPDR Portfolio S&P 500 Growth ETF
IGV,,,iShares Expanded Tech-Software Sector ETF
SCHD,,,Schwab U.S. Dividend Equity ETF
PFPT,,,
IPHI,,,
WCMIX,,,WCM Focused International Growth Instl
FTSM,,,First Trust Enhanced Short Maturity ETF
QDEL,Healthcare,Medical Devices,QuidelOrtho Corporation
GEPT,,,
TWST,Healthcare,Diagnostics & Research,Twist Bioscience Corporation
FNMA,Financial Services,Mortgage Finance,Federal National Mortgage Association
ZM,Technology,Software - Application,"Zoom Communications, Inc."
WTRG,Utilities,Utilities - Regulated Water,"Essential Utilities, Inc."
TT,Industrials,Building Products & Equipment,Trane Technologies plc
AXNT,,,
FMAO,Financial Services,Banks - Regional,"Farmers & Merchants Bancorp, Inc."
JMP,,,
NCLTY,Consumer Cyclical,"Furnishings, Fixtures & Appliances","Nitori Holdings Co., Ltd."
CUL,,,
PYPL1,,,
PKX,Basic Materials,Steel,POSCO Holdings Inc.
LEVI,Consumer Cyclical,Apparel Manufacturing,Levi Strauss & Co.
AVNS,Healthcare,Medical Devices,"Avanos Medical, Inc."
GEAGY,,,
NWS,Communication Services,Entertainment,News Corporation
AHEXY,Industrials,Staffing & Employment Services,Adecco Group AG
SXYAY,Basic Materials,Specialty Chemicals,Sika AG
HVRRY,Financial Services,Insurance - Reinsurance,Hannover Rück SE
J,Industrials,Engineering & Construction,Jacobs Solutions Inc.
NINOY,Consumer Cyclical,Leisure,Nikon Corporation
VOPKY,Energy,Oil & Gas Midstream,Koninklijke Vopak N.V.
DNZOY,Consumer Cyclical,Auto Parts,DENSO Corporation
BURBY,Consumer Cyclical,Luxury Goods,Burberry Group plc
AGESY,Financial Services,Insurance - Diversified,ageas SA/NV
JAPSY,Industrials,Airlines,"Japan Airlines Co., Ltd."
RDEIY,Utilities,Utilities - Regulated Electric,"Redeia Corporación, S.A."
NTOIY,Energy,Oil & Gas Refining & Marketing,Neste Oyj
SWGAY,Consumer Cyclical,Luxury Goods,The Swatch Group AG
RWEOY,Utilities,Utilities - Diversified,RWE Aktiengesellschaft
SWMAY,,,
MFG,Financial Services,Banks - Regional,"Mizuho Financial Group, Inc."
PDYPY,,,
HXGBY,Technology,Scientific & Technical Instruments,Hexagon AB (publ)
WCAGY,,,
WFAFY,Consumer Cyclical,Home Improvement Retail,Wesfarmers Limited
CCLAY,,,
BNTGY,Basic Materials,Specialty Chemicals,Brenntag SE
SZEVY,,,
CEMI,,,
CRRFY,Consumer Defensive,Grocery Stores,Carrefour SA
MDIBY,Financial Services,Banks - Regional,Mediobanca Banca di Credito Finanziario S.p.A.
HGTY,Financial Services,Insurance - Property & Casualty,"Hagerty, Inc."
LMFAU,,,
NPTN,,,
NGEN,Healthcare,Biotechnology,NervGen Pharma Corp.
CIM,Real Estate,REIT - Mortgage,Chimera Investment Corporation
FAS,,,Direxion Daily Financial Bull 3X Shares
SPXC,Industrials,Building Products & Equipment,"SPX Technologies, Inc."
IAT,,,iShares U.S. Regional Banks ETF
RQI,Financial Services,Asset Management,"Cohen & Steers Quality Income Realty Fund, Inc."
HQY,Healthcare,Health Information Services,"HealthEquity, Inc."
VONE,,,Vanguard Russell 1000 Index Fund ETF Shares
ADYEY,Technology,Software - Infrastructure,Adyen N.V.
DSGX,Technology,Software - Application,The Descartes Systems Group Inc.
INDG,,,
AMRC,Industrials,Engineering & Construction,"Ameresco, Inc."
HPP,Real Estate,REIT - Office,"Hudson Pacific Properties, Inc."
GBCI,Financial Services,Banks - Regional,"Glacier Bancorp, Inc."
HTLD,Industrials,Trucking,"Heartland Express, Inc."
IDA,Utilities,Utilities - Regulated Electric,"IDACORP, Inc."
ESI,Basic Materials,Specialty Chemicals,Element Solutions Inc
PAG,Consumer Cyclical,Auto & Truck Dealerships,"Penske Automotive Group, Inc."
WTM,Financial Services,Insurance - Property & Casualty,"White Mountains Insurance Group, Ltd."
NSIT,Technology,Electronics & Computer Distribution,"Insight Enterprises, Inc."
UPLD,Technology,Software - Application,"Upland Software, Inc."
KW,Real Estate,Real Estate Services,"Kennedy-Wilson Holdings, Inc."
PAHC,Healthcare,Drug Manufacturers - Specialty & Generic,Phibro Animal Health Corporation
PLUS,Technology,Software - Application,ePlus inc.
GHC,Consumer Defensive,Education & Training Services,Graham Holdings Company
HHH,Real Estate,Real Estate - Development,Howard Hughes Holdings Inc.
OAYIX,,,Oakmark International Advisor
RODM,,,Hartford Multifactor Developed Markets (ex-US) ETF
QLEIX,,,AQR Long-Short Equity I
MBXIX,,,Catalyst/Millburn Hedge Strategy I
QTEC,,,First Trust NASDAQ-100-Technology Sector Index Fund
FINX,,,Global X FinTech ETF
PTNQ,,,Pacer Trendpilot 100 ETF
GBIL,,,Goldman Sachs Access Treasury 0-1 Year ETF
LGI,Financial Services,Asset Management,"Lazard Global Total Return and Income Fund, Inc."
SRVR,,,Pacer Data & Infrastructure Real Estate ETF
GEM,,,Goldman Sachs ActiveBeta Emerging Markets Equity ETF
SBIO,,,ALPS Medical Breakthroughs ETF
CFA,,,VictoryShares US 500 Volatility Wtd ETF
LUBFX,,,Lord Abbett Ultra Short Bond F
HWM,Industrials,Aerospace & Defense,Howmet Aerospace Inc.
RHHBF,Healthcare,Drug Manufacturers - General,Roche Holding AG
FPL,,,
KWEB,,,KraneShares CSI China Internet ETF
CIBR,,,First Trust NASDAQ Cybersecurity ETF
OTIS,Industrials,Specialty Industrial Machinery,Otis Worldwide Corporation
RTX,Industrials,Aerospace & Defense,RTX Corporation
CARR,Industrials,Building Products & Equipment,Carrier Global Corporation
LGND,Healthcare,Biotechnology,Ligand Pharmaceuticals Incorporated
BIPC,Utilities,Utilities - Regulated Gas,Brookfield Infrastructure Corporation
OMF,Financial Services,Credit Services,"OneMain Holdings, Inc."
BF.A,,,
PINS,Communication Services,Internet Content & Information,"Pinterest, Inc."
INTR,Financial Services,Banks - Regional,"Inter & Co, Inc."
GLNCY,Basic Materials,Other Industrial Metals & Mining,Glencore plc
MTG,Financial Services,Insurance - Specialty,MGIC Investment Corporation
NNVC,Healthcare,Biotechnology,"NanoViricides, Inc."
GLIBA,Communication Services,Telecom Services,
DT,Technology,Software - Application,"Dynatrace, Inc."
NYT,Communication Services,Publishing,The New York Times Company
NLOK,,,
REYN,Consumer Cyclical,Packaging & Containers,Reynolds Consumer Products Inc.
SOJA,,,The Southern Company JR SUB NT 2015A
CAIFX,,,American Funds Capital Income Bldr F2
VOO,,,Vanguard S&P 500 ETF
FRIAX,,,Franklin Income Adv
USO,,,"United States Oil Fund, LP"
ONTO,Technology,Semiconductor Equipment & Materials,Onto Innovation Inc.
POEFF,,,
SONC,,,Sonic Corp.
SLGN,Consumer Cyclical,Packaging & Containers,Silgan Holdings Inc.
ASGN,Technology,Information Technology Services,ASGN Incorporated
LVMHF,Consumer Cyclical,Luxury Goods,"LVMH Moët Hennessy - Louis Vuitton, Société Européenne"
LBDAV,,,Liberty Broadband Corporation
CTECBX,,,
VIAV,Technology,Communication Equipment,Viavi Solutions Inc.
MORN,Financial Services,Financial Data & Stock Exchanges,"Morningstar, Inc."
OCAI,,,
SACM,,,
CACC,Financial Services,Credit Services,Credit Acceptance Corporation
WIX,Technology,Software - Infrastructure,Wix.com Ltd.
SKYY,,,First Trust Cloud Computing ETF
ITOT,,,iShares Core S&P Total U.S. Stock Market ETF
CTRL1,,,
MJCO,,,
ICNT,,,
PGNY,Healthcare,Healthcare Plans,"Progyny, Inc."
PRJAX,,,PGIM Jennison Global Opportunities A
MRNA,Healthcare,Biotechnology,"Moderna, Inc."
AMZA,,,InfraCap MLP ETF
SUPN,Healthcare,Drug Manufacturers - Specialty & Generic,"Supernus Pharmaceuticals, Inc."
XCAPX,,,ACAP Strategic Fund
TFFP,,,
TLT,,,iShares 20+ Year Treasury Bond ETF
RACE,Consumer Cyclical,Auto Manufacturers,Ferrari N.V.
NVIGF,,,
BLDR,Industrials,Building Products & Equipment,"Builders FirstSource, Inc."
HRI,Industrials,Rental & Leasing Services,Herc Holdings Inc.
NMIH,Financial Services,Insurance - Specialty,"NMI Holdings, Inc."
VV,,,Vanguard Large Cap Index Fund
EFG,,,iShares MSCI EAFE Growth ETF
EFV,,,iShares MSCI EAFE Value ETF
GLOP,,,
USDP,Industrials,Railroads,USD Partners LP
PBFX,,,
ENBL,,,
SRLP,,,
INFR,,,ClearBridge Sustainable Infrastructure ETF
CHGG,Consumer Defensive,Education & Training Services,"Chegg, Inc."
ZI,,,
BLFS,Healthcare,Medical Instruments & Supplies,"BioLife Solutions, Inc."
CELC,Healthcare,Biotechnology,Celcuity Inc.
BLFSD,,,
WK,Technology,Software - Application,Workiva Inc.
TDC,Technology,Software - Infrastructure,Teradata Corporation
Z,Communication Services,Internet Content & Information,
ACI,Consumer Defensive,Grocery Stores,"Albertsons Companies, Inc."
MOBX,Technology,Semiconductors,"Mobix Labs, Inc."
SFST,Financial Services,Banks - Regional,"Southern First Bancshares, Inc."
CRNC,Technology,Software - Application,Cerence Inc.
PSQ,,,ProShares Short QQQ
FXI,,,iShares China Large-Cap ETF
FIMKX,,,Fidelity Advisor Focused Em Mkts I
WIW,Financial Services,Asset Management,Western Asset Inflation-Linked Opportunities & Income Fund
FCPIX,,,Fidelity Advisor Intl Cap App I
FEMS,,,First Trust Emerging Markets Small Cap AlphaDEX Fund
NXTG,,,First Trust IndXX NextG ETF
DLS,,,WisdomTree International SmallCap Dividend Fund
RTH,,,VanEck Retail ETF
GDXJ,,,VanEck Junior Gold Miners ETF
SIL,,,Global X Silver Miners ETF
BKEP,,,
AY,,,
NKLA,,,
PTLC,,,Pacer Trendpilot US Large Cap ETF
MANT,,,
DUSA,,,Davis Select U.S. Equity ETF
CCXX,,,
MSBHY,,,
TMUSR,,,
SF,Financial Services,Capital Markets,Stifel Financial Corp.
CDAY,,,
APEN,,,
SYPR,Consumer Cyclical,Auto Parts,"Sypris Solutions, Inc."
KAL,,,
AVNT,Basic Materials,Specialty Chemicals,Avient Corporation
NWE,Utilities,Utilities - Regulated Electric,"NorthWestern Energy Group, Inc."
PLXS,Technology,Electronic Components,Plexus Corp.
LDP,Financial Services,Asset Management,"Cohen & Steers Limited Duration Preferred and Income Fund, Inc."
CVNA,Consumer Cyclical,Auto & Truck Dealerships,Carvana Co.
CCMP,,,
SAM,Consumer Defensive,Beverages - Brewers,"The Boston Beer Company, Inc."
NVAX,Healthcare,Biotechnology,"Novavax, Inc."
GOLD,Financial Services,Capital Markets,"Gold.com, Inc."
RXT,Technology,Software - Infrastructure,"Rackspace Technology, Inc."
MYE,Consumer Cyclical,Packaging & Containers,"Myers Industries, Inc."
FVRR,Communication Services,Internet Content & Information,Fiverr International Ltd.
UMR,,,
VIVO,,,
BATRA,Communication Services,Entertainment,"Atlanta Braves Holdings, Inc."
PASO,Healthcare,Health Information Services,"Patient Access Solutions, Inc."
XLF,,,State Street Financial Select Sector SPDR ETF
LAND,Real Estate,REIT - Specialty,Gladstone Land Corporation
CMLF,,,
ANY,Financial Services,Capital Markets,Sphere 3D Corp.
INO,Healthcare,Biotechnology,"Inovio Pharmaceuticals, Inc."
SNX,Technology,Electronics & Computer Distribution,TD SYNNEX Corporation
TGTX,Healthcare,Biotechnology,"TG Therapeutics, Inc."
BAND,Technology,Software - Infrastructure,Bandwidth Inc.
ROG,Technology,Electronic Components,Rogers Corporation
BEEM,Technology,Solar,Beam Global
LRNZ,,,"TrueShares Technology, AI and Deep Learning ETF"
WCLD,,,WisdomTree Cloud Computing Fund
GFL,Industrials,Waste Management,GFL Environmental Inc.
ATOAX,,,abrdn Ultra Short Municipal Inc A
SVCBY,,,
OMG,,,OMGL Holdings Ltd
DAVA,Technology,Software - Infrastructure,Endava plc
AVLR,,,
BBCN,,,
BREW,,,
VAST,,,
LITE,Technology,Communication Equipment,Lumentum Holdings Inc.
OSUR,Healthcare,Medical Instruments & Supplies,"OraSure Technologies, Inc."
VRT,Industrials,Electrical Equipment & Parts,Vertiv Holdings Co
NVT,Industrials,Electrical Equipment & Parts,nVent Electric plc
BEPC,Utilities,Utilities - Renewable,Brookfield Renewable Corporation
LGFA,,,
CMLFU,,,
BOOT,Consumer Cyclical,Apparel Retail,"Boot Barn Holdings, Inc."
PCPL,,,
VNT,Technology,Scientific & Technical Instruments,Vontier Corporation
WSC,Industrials,Rental & Leasing Services,WillScot Holdings Corporation
FXENP,,,
GNRC,Industrials,Specialty Industrial Machinery,Generac Holdings Inc.
FSLY,Technology,Software - Application,"Fastly, Inc."
ENPH,Technology,Solar,"Enphase Energy, Inc."
MEDP,Healthcare,Diagnostics & Research,"Medpace Holdings, Inc."
ARKG,,,ARK Genomic Revolution ETF
QYLD,,,Global X NASDAQ 100 Covered Call ETF
SAGE,,,
FOUR,Technology,Software - Infrastructure,"Shift4 Payments, Inc."
CRON,Healthcare,Drug Manufacturers - Specialty & Generic,Cronos Group Inc.
GWPH,,,
APHA,,,
ACB,Healthcare,Drug Manufacturers - Specialty & Generic,Aurora Cannabis Inc.
VAW,,,Vanguard Materials Index Fund ETF Shares
SNOW,Technology,Software - Application,Snowflake Inc.
MPLN,,,
GFN,,,
MUFG,Financial Services,Banks - Diversified,"Mitsubishi UFJ Financial Group, Inc."
EJPRY,Industrials,Railroads,East Japan Railway Company
OMVKY,Energy,Oil & Gas Integrated,OMV Aktiengesellschaft
HLDCY,Real Estate,Real Estate - Diversified,Henderson Land Development Company Limited
TRYIY,Consumer Cyclical,Textile Manufacturing,"Toray Industries, Inc."
NWG,Financial Services,Banks - Regional,NatWest Group plc
KPELY,Industrials,Conglomerates,Keppel Ltd.
HSNGY,,,Hang Seng Bank Limited
CRARY,Financial Services,Banks - Regional,Crédit Agricole S.A.
MITSY,Industrials,Conglomerates,"Mitsui & Co., Ltd."
RYCEY,Industrials,Aerospace & Defense,Rolls-Royce Holdings plc
SSUMY,Industrials,Conglomerates,Sumitomo Corporation
MLCO,Consumer Cyclical,Resorts & Casinos,Melco Resorts & Entertainment Limited
POAHY,Consumer Cyclical,Auto Manufacturers,Porsche Automobil Holding SE
IPXHY,Energy,Oil & Gas E&P,Inpex Corporation
EQNR,Energy,Oil & Gas Integrated,Equinor ASA
HTHIY,Industrials,Conglomerates,"Hitachi, Ltd."
NTXFY,,,
GLPEY,Energy,Oil & Gas Integrated,"Galp Energia, SGPS, S.A."
CUK,Consumer Cyclical,Travel Services,Carnival Corporation & plc
FINMY,Industrials,Aerospace & Defense,Leonardo S.p.a.
ACSAY,Industrials,Engineering & Construction,"ACS, Actividades de Construcción y Servicios, S.A."
BOH,Financial Services,Banks - Regional,Bank of Hawaii Corporation
VXX,,,iPath Series B S&P 500 VIX Short-Term Futures ETN
FUBO,Communication Services,Broadcasting,FuboTV Inc.
VTRS,Healthcare,Drug Manufacturers - Specialty & Generic,Viatris Inc.
OIH,,,VanEck Oil Services ETF
GMAB,Healthcare,Biotechnology,Genmab A/S
DDOG,Technology,Software - Application,"Datadog, Inc."
RBCAA,Financial Services,Banks - Regional,"Republic Bancorp, Inc."
ABYIX,,,Abbey Capital Futures Strategy I
SI,,,"Shoulder Innovations, Inc."
DGRS,,,WisdomTree U.S. SmallCap Quality Dividend Growth Fund
XAR,,,State Street SPDR S&P Aerospace & Defense ETF
PAAS,Basic Materials,Gold,Pan American Silver Corp.
FISI,Financial Services,Banks - Regional,"Financial Institutions, Inc."
PAGS,Technology,Software - Infrastructure,PagSeguro Digital Ltd.
MAXR,,,
AVYA,,,
SHYF,,,
FCEL,Industrials,Electrical Equipment & Parts,"FuelCell Energy, Inc."
LOGI,Technology,Computer Hardware,Logitech International S.A.
BRKS,,,
CNF,Financial Services,Mortgage Finance,CNFinance Holdings Limited
LI,Consumer Cyclical,Auto Manufacturers,Li Auto Inc.
PAVE,,,Global X U.S. Infrastructure Development ETF
RLGY,,,
AUROW,,,"Aurora Innovation, Inc."
APPAD,,,
ZS,Technology,Software - Infrastructure,"Zscaler, Inc."
GSMYX,,,Goldman Sachs Small/Mid Cap Growth Instl
DASH,Consumer Cyclical,Internet Retail,"DoorDash, Inc."
AZEK,,,
BRC,Industrials,Security & Protection Services,Brady Corporation
EXPI,Real Estate,Real Estate Services,"eXp World Holdings, Inc."
CSTL,Healthcare,Diagnostics & Research,"Castle Biosciences, Inc."
LUMN,Communication Services,Telecom Services,"Lumen Technologies, Inc."
TTEK,Industrials,Engineering & Construction,"Tetra Tech, Inc."
PLUG,Industrials,Electrical Equipment & Parts,Plug Power Inc.
AB,Financial Services,Asset Management,AllianceBernstein Holding L.P.
IPWR,Technology,Semiconductors,Ideal Power Inc.
SRNE,Healthcare,Biotechnology,
ASMB,Healthcare,Biotechnology,"Assembly Biosciences, Inc."
RETA,,,
SVC,Real Estate,REIT - Hotel & Motel,Service Properties Trust
PSTH,,,
SFE,,,
XLB,,,State Street Materials Select Sector SPDR ETF
ARVLF,Consumer Cyclical,Auto Manufacturers,Arrival
ZOOM,,,
CHWY,Consumer Cyclical,Internet Retail,"Chewy, Inc."
CHX,,,
AHCO,Healthcare,Medical Devices,AdaptHealth Corp.
PCPL.U,,,
VRM,Financial Services,Credit Services,"Vroom, Inc."
JIH,,,
LMND,Financial Services,Insurance - Property & Casualty,"Lemonade, Inc."
SOLO,,,
DMTK,,,
AIO,Financial Services,Asset Management,Virtus Artificial Intelligence & Technology Opportunities Fund
FSKR,,,
MJDLF,Basic Materials,Other Industrial Metals & Mining,Major Drilling Group International Inc.
JGCCF,Industrials,Engineering & Construction,JGC Holdings Corporation
LESL,Consumer Cyclical,Specialty Retail,"Leslie's, Inc."
WAIR,,,
VIV.V,,,
NS,,,
STLA,Consumer Cyclical,Auto Manufacturers,Stellantis N.V.
CTEST-O,,,
PENN,Consumer Cyclical,Resorts & Casinos,"PENN Entertainment, Inc."
LMACU,,,
NYMX,,,
AQN,Utilities,Utilities - Diversified,Algonquin Power & Utilities Corp.
AI,Technology,Software - Infrastructure,"C3.ai, Inc."
DDD,Technology,Computer Hardware,3D Systems Corporation
QUMU,,,
NN,Technology,Software - Infrastructure,NextNav Inc.
ALVO,Healthcare,Drug Manufacturers - Specialty & Generic,Alvotech
ETAK,,,
ALGM,Technology,Semiconductors,"Allegro MicroSystems, Inc."
MJNA,Healthcare,Drug Manufacturers - Specialty & Generic,"Medical Marijuana, Inc."
CLNE,Energy,Oil & Gas Refining & Marketing,Clean Energy Fuels Corp.
AAIGF,Financial Services,Insurance - Life,AIA Group Limited
AEIS,Industrials,Electrical Equipment & Parts,"Advanced Energy Industries, Inc."
BRP,,,
GEMIX,,,Goldman Sachs Emerging Markets Eq Instl
GGSM,Industrials,Marine Shipping,Gold and GemStone Mining Inc.
ESGC,,,
AOSL,Technology,Semiconductors,Alpha and Omega Semiconductor Limited
CTAA,,,
ABNB,Consumer Cyclical,Travel Services,"Airbnb, Inc."
ST,Technology,Scientific & Technical Instruments,Sensata Technologies Holding plc
GLPI,Real Estate,REIT - Specialty,"Gaming and Leisure Properties, Inc."
TPCO,,,
DGNR,,,
QS,Consumer Cyclical,Auto Parts,QuantumScape Corporation
BALY,Consumer Cyclical,Resorts & Casinos,Bally's Corporation
MDB,Technology,Software - Infrastructure,"MongoDB, Inc."
AMTX,Basic Materials,Specialty Chemicals,"Aemetis, Inc."
MGY,Energy,Oil & Gas E&P,Magnolia Oil & Gas Corporation
VOX,,,Vanguard Communication Services Index Fund ETF Shares
ESTC,Technology,Software - Application,Elastic N.V.
CPXWF,Utilities,Utilities - Independent Power Producers,Capital Power Corporation
HCRB,,,Hartford Core Bond ETF
FHLC,,,Fidelity MSCI Health Care Index ETF
EMF,Financial Services,Asset Management,Templeton Emerging Markets Fund
VVNT,,,
CTRM,Industrials,Marine Shipping,Castor Maritime Inc.
ACST,,,
ORCC,,,
KRE,,,State Street SPDR S&P Regional Banking ETF
AMDA,,,Amedica Corporation
BLD,Industrials,Engineering & Construction,TopBuild Corp.
NASDAQ,,,
NMFS,,,
QRTEP,,,
FLO,Consumer Defensive,Packaged Foods,"Flowers Foods, Inc."
ATHM,Communication Services,Internet Content & Information,Autohome Inc.
CNR,Energy,Thermal Coal,"Core Natural Resources, Inc."
SIRE,,,
HRTX,Healthcare,Biotechnology,"Heron Therapeutics, Inc."
GTN,Communication Services,Broadcasting,"Gray Media, Inc."
MCS,Communication Services,Entertainment,The Marcus Corporation
QCRH,Financial Services,Banks - Regional,"QCR Holdings, Inc."
CLRCW,,,
HOFV,Communication Services,Entertainment,Hall of Fame Resort & Entertainment Company
ETWO.W,,,
CALX,Technology,Software - Infrastructure,"Calix, Inc."
ORA,Utilities,Utilities - Renewable,"Ormat Technologies, Inc."
UFPI,Basic Materials,Lumber & Wood Production,"UFP Industries, Inc."
CMLTU,,,
GPRO,Technology,Consumer Electronics,"GoPro, Inc."
CSPCY,Healthcare,Drug Manufacturers - General,CSPC Pharmaceutical Group Limited
TRIT,,,
COIN,Financial Services,Financial Data & Stock Exchanges,"Coinbase Global, Inc."
BOWX,,,
EMKR,,,
NTRA,Healthcare,Diagnostics & Research,"Natera, Inc."
EGIO,,,
TISI,Industrials,Specialty Business Services,"Team, Inc."
XNGSY,Utilities,Utilities - Regulated Gas,ENN Energy Holdings Limited
ORMP,Healthcare,Biotechnology,Oramed Pharmaceuticals Inc.
YTRA,Consumer Cyclical,Travel Services,"Yatra Online, Inc."
GSS,,,
JOE,Real Estate,Real Estate - Diversified,The St. Joe Company
SONY,Technology,Consumer Electronics,Sony Group Corporation
RVTY,Healthcare,Diagnostics & Research,"Revvity, Inc."
ARES,Financial Services,Asset Management,Ares Management Corporation
HNST,Consumer Defensive,Household & Personal Products,"The Honest Company, Inc."
INTA,Technology,Software - Application,"Intapp, Inc."
ICSH,,,iShares Ultra Short Duration Bond Active ETF
RVLV,Consumer Cyclical,Internet Retail,"Revolve Group, Inc."
CBRG,,,
CWH,Consumer Cyclical,Auto & Truck Dealerships,"Camping World Holdings, Inc."
TNL,Consumer Cyclical,Travel Services,Travel + Leisure Co.
FL4.SG,,,
VUZI,Technology,Consumer Electronics,Vuzix Corporation
FDSWX,,,Fidelity Technology Innovators Fund Series A U$ LSC (620A2)
TLK,Communication Services,Telecom Services,Perusahaan Perseroan (Persero) PT Telekomunikasi Indonesia Tbk
STM,Technology,Semiconductors,STMicroelectronics N.V.
HLF,Consumer Defensive,Packaged Foods,Herbalife Ltd.
FFG,,,
NTBKQ,,,
CNXC,Technology,Information Technology Services,Concentrix Corporation
IBUY,,,Amplify Online Retail ETF
PEJ,,,Invesco Dynamic Leisure and Entertainment ETF
TTE,Energy,Oil & Gas Integrated,TotalEnergies SE
FBND,,,Fidelity Total Bond ETF
XLRE,,,State Street Real Estate Select Sector SPDR ETF
MUB,,,iShares National Muni Bond ETF
ALIZY,Financial Services,Insurance - Diversified,Allianz SE
OGN,Healthcare,Drug Manufacturers - General,Organon & Co.
KLXY,,,Kraneshares Global Luxury Index ETF
ETHE,,,Grayscale Ethereum Staking ETF
GBTC,,,Grayscale Bitcoin Trust ETF
TBBC,Financial Services,Banks - Regional,Triad Business Bank
ALYF,,,
CWK,Real Estate,Real Estate Services,Cushman & Wakefield Limited
PLTR,Technology,Software - Infrastructure,Palantir Technologies Inc.
RBLX,Communication Services,Electronic Gaming & Multimedia,Roblox Corporation
ASXC,,,
VSH,Technology,Semiconductors,"Vishay Intertechnology, Inc."
RAMP,Technology,Software - Infrastructure,"LiveRamp Holdings, Inc."
AQB,Consumer Defensive,Farm Products,"AquaBounty Technologies, Inc."
HNDL,,,Strategy Shares Nasdaq 7 Handl Index ETF
TOTZF,Energy,Oil & Gas Equipment & Services,Total Energy Services Inc.
DTM,Energy,Oil & Gas Midstream,"DT Midstream, Inc."
MLHR,,,
FQAL,,,Fidelity Quality Factor ETF
ETV,Financial Services,Asset Management,Eaton Vance Tax-Managed Buy-Write Opportunities Fund
CNNE,Consumer Cyclical,Restaurants,"Cannae Holdings, Inc."
SUM,,,
MRIN,,,
FDRXX,,,Fidelity Phillips Street Trust - Fidelity Cash Reserves
PDEX,Healthcare,Medical Instruments & Supplies,"Pro-Dex, Inc."
ZENV,Technology,Software - Application,Zenvia Inc.
PJAM,,,
FBALX,,,Fidelity Balanced Fund
AESE,,,
DIAL,,,Columbia Diversified Fixed Income Allocation ETF
KBR,Industrials,Engineering & Construction,"KBR, Inc."
DTD,,,WisdomTree U.S. Total Dividend Fund
XLY,,,State Street Consumer Discretionary Select Sector SPDR ETF
OPRA,Communication Services,Internet Content & Information,Opera Limited
"MONTGOMERY, AL .2, SCHAUMBERG, IL .1",,,
PYCR,,,
IJS,,,iShares S&P Small-Cap 600 Value ETF
RDSA,,,
MTBL,,,
JEPI,,,JPMorgan Equity Premium Income ETF
AXAC,Financial Services,Shell Companies,AXIOS Sustainable Growth Acquisition Corporation
PWRS,,,
NGAU,,,
GXO,Industrials,Integrated Freight & Logistics,"GXO Logistics, Inc."
UST1,,,
BJ,Consumer Defensive,Discount Stores,"BJ's Wholesale Club Holdings, Inc."
SSBK,,,
LZ,Industrials,Specialty Business Services,"LegalZoom.com, Inc."
BTC,,,Grayscale Bitcoin Mini Trust ETF
VSCO,Consumer Cyclical,Apparel Retail,Victoria's Secret & Co.
NEWT,Financial Services,Banks - Regional,"NewtekOne, Inc."
NAN,Financial Services,Asset Management,Nuveen New York Quality Municipal Income Fund
BDT,,,
CSAN,Energy,Oil & Gas Refining & Marketing,Cosan S.A.
FNFN,,,
TAAL,,,
EGGF,,,
NRDY,Technology,Software - Application,Nerdy Inc.
CABO,Communication Services,Telecom Services,"Cable One, Inc."
BKE,Consumer Cyclical,Apparel Retail,"The Buckle, Inc."
TELL,,,
SLVM,Basic Materials,Paper & Paper Products,Sylvamo Corporation
PSTG,Technology,Computer Hardware,"Pure Storage, Inc."
DUKH,,,Ocean Park High Income ETF
AFRM,Financial Services,Credit Services,"Affirm Holdings, Inc."
ROAD,Industrials,Engineering & Construction,"Construction Partners, Inc."
MFCB1,,,
EYE1,,,
FMAT,,,Fidelity MSCI Materials Index ETF
BBH,,,VanEck Biotech ETF
DWAC,,,
CARDONA,,,
SCU,,,
APAM,Financial Services,Asset Management,Artisan Partners Asset Management Inc.
BTEC,,,Principal Healthcare Innovators ETF
SRLN,,,State Street Blackstone Senior Loan ETF
FTCH,,,
STNE,Technology,Software - Infrastructure,StoneCo Ltd.
SCHW-PJ,Financial Services,Capital Markets,The Charles Schwab Corporation
META,Communication Services,Internet Content & Information,"Meta Platforms, Inc."
BUI,Financial Services,Asset Management,"BlackRock Utilities, Infrastructure & Power Opportunities Trust"
RIVN,Consumer Cyclical,Auto Manufacturers,"Rivian Automotive, Inc."
INDB,Financial Services,Banks - Regional,Independent Bank Corp.
MNDT,,,
FPEI,,,First Trust Institutional Preferred Securities and Income ETF
HIPO,Financial Services,Insurance - Property & Casualty,Hippo Holdings Inc.
HSHCY,Consumer Cyclical,"Furnishings, Fixtures & Appliances","Haier Smart Home Co., Ltd."
ARCB,Industrials,Trucking,ArcBest Corporation
FDIS,,,Fidelity MSCI Consumer Discretionary Index ETF
FTEC,,,Fidelity MSCI Information Technology Index ETF
CCXI,,,
METCL,,,
JMU,,,
FEIC,,,
PMF,,,
GBNE,,,
KOMN,,,
SCHH,,,Schwab U.S. REIT ETF
RNGR,Energy,Oil & Gas Equipment & Services,"Ranger Energy Services, Inc."
EOLS,Healthcare,Drug Manufacturers - Specialty & Generic,"Evolus, Inc."
TYG,Financial Services,Asset Management,Tortoise Energy Infrastructure Corporation
JBI,Industrials,Building Products & Equipment,"Janus International Group, Inc."
XP,Financial Services,Capital Markets,XP Inc.
CEM,,,
SELX,Technology,Electronic Components,Semilux International Ltd.
IYZ,,,iShares U.S. Telecommunications ETF
IXJ,,,iShares Global Healthcare ETF
KD,Technology,Information Technology Services,"Kyndryl Holdings, Inc."
QMCO,Technology,Computer Hardware,Quantum Corporation
ENVA,Financial Services,Credit Services,"Enova International, Inc."
CLDT,Real Estate,REIT - Hotel & Motel,Chatham Lodging Trust
IS,,,
KNOP,Energy,Oil & Gas Midstream,KNOT Offshore Partners LP
ALLG,,,
RARE,Healthcare,Biotechnology,Ultragenyx Pharmaceutical Inc.
CBSH,Financial Services,Banks - Regional,"Commerce Bancshares, Inc."
BBWI,Consumer Cyclical,Specialty Retail,"Bath & Body Works, Inc."
COHM,,,
CLOU,,,Global X Cloud Computing ETF
FGSCX,,,Federated Hermes MDT Mid Cap Growth C
FUN,Consumer Cyclical,Leisure,Six Flags Entertainment Corporation
ABQCX,,,"AB Bond Fund, Inc. - AB Total Return Bond Portfolio"
GVA,Industrials,Engineering & Construction,Granite Construction Incorporated
RRX,Industrials,Specialty Industrial Machinery,Regal Rexnord Corporation
XLE,,,State Street Energy Select Sector SPDR ETF
KYN,Financial Services,Asset Management,"Kayne Anderson Energy Infrastructure Fund, Inc."
ITA,,,iShares U.S. Aerospace & Defense ETF
VFH,,,Vanguard Financials Index Fund ETF Shares
GMRE,Real Estate,REIT - Healthcare Facilities,Global Medical REIT Inc.
IGHG,,,ProShares Investment Grade—Interest Rate Hedged
AYRO,,,
RGEN,Healthcare,Medical Instruments & Supplies,Repligen Corporation
BNTX,Healthcare,Biotechnology,BioNTech SE
HTZWW,,,"Hertz Global Holdings, Inc."
ATS,Industrials,Specialty Industrial Machinery,ATS Corporation
PEN,Healthcare,Medical Devices,"Penumbra, Inc."
PONCX,,,PIMCO Income C
APLT,Healthcare,Biotechnology,"Applied Therapeutics, Inc."
VIASP,Utilities,Utilities - Regulated Electric,"Via Renewables, Inc."
APOS,,,
PSDTX,,,Putnam Ultra Short Duration Income A
KBA,,,KraneShares Bosera MSCI China A 50 Connect Index ETF
MOO,,,VanEck Agribusiness ETF
JHMM,,,John Hancock Multifactor Mid Cap ETF
IVOO,,,Vanguard S&P Mid-Cap 400 Index Fund ETF Shares
AXTE,,,
AXHE,,,
ECHO,,,
GNR,,,State Street SPDR S&P Global Natural Resources ETF
FPE,,,First Trust Preferred Securities and Income ETF
PFFV,,,Global X Variable Rate Preferred ETF
VRP,,,Invesco Variable Rate Preferred ETF
JASN1,,,
KVCO,,,
CANO,,,
PLTK,Communication Services,Electronic Gaming & Multimedia,Playtika Holding Corp.
OXBR,Financial Services,Insurance - Reinsurance,Oxbridge Re Holdings Limited
ABVT,,,
ETW1,,,
TGOPY,Financial Services,Asset Management,3i Group plc
XYIGY,Basic Materials,Building Materials,Xinyi Glass Holdings Limited
VOLVY,,,
PWCDF,Financial Services,Insurance - Life,Power Corporation of Canada
PARAA,,,
SBMC,,,
INFN,,,
NUAN1,,,
GFS,Technology,Semiconductors,GLOBALFOUNDRIES Inc.
NOAH,Financial Services,Asset Management,Noah Holdings Limited
TACO,Financial Services,Shell Companies,Berto Acquisition Corp.
BATRK,Communication Services,Entertainment,"Atlanta Braves Holdings, Inc."
TWKS,,,
BTVCY,,,
UPMKF,Basic Materials,Paper & Paper Products,UPM-Kymmene Oyj
SKHCY,,,
NNGPF,Financial Services,Insurance - Diversified,NN Group N.V.
912796U49,,,
NU,Financial Services,Banks - Regional,Nu Holdings Ltd.
LMST,,,
FGBI,Financial Services,Banks - Regional,"First Guaranty Bancshares, Inc."
HUMA,Healthcare,Biotechnology,"Humacyte, Inc."
GFI,Basic Materials,Gold,Gold Fields Limited
TBIG,,,
T+A,,,
WBD,Communication Services,Entertainment,"Warner Bros. Discovery, Inc."
HCAR,,,
HTFC,,,
NDZ,,,
FTD,,,
NNBR,Industrials,Conglomerates,"NN, Inc."
CPE,,,
UUUU,Energy,Uranium,Energy Fuels Inc.
UEC,Energy,Uranium,Uranium Energy Corp.
PLAN,,,
KOS,Energy,Oil & Gas E&P,Kosmos Energy Ltd.
NEX,,,
U,Technology,Software - Application,Unity Software Inc.
ANFI1,,,
UGRO,Industrials,Farm & Heavy Construction Machinery,"urban-gro, Inc."
FERG,Industrials,Industrial Distribution,Ferguson Enterprises Inc.
SACC,,,
ELOT,,,
BAMH,,,
BAC1,,,
DJO,,,
SMAR,,,
NET,Technology,Software - Infrastructure,"Cloudflare, Inc."
BILL,Technology,Software - Application,"BILL Holdings, Inc."
BSY,Technology,Software - Application,"Bentley Systems, Incorporated"
UPST,Financial Services,Credit Services,"Upstart Holdings, Inc."
MP,Basic Materials,Other Industrial Metals & Mining,MP Materials Corp.
IRT,Real Estate,REIT - Residential,"Independence Realty Trust, Inc."
ASFI,,,
91282CEG2,,,
AAM-PA,,,
PARA,,,
LUBYX,,,Lord Abbett Ultra Short Bond I
FLL,Consumer Cyclical,Resorts & Casinos,"Full House Resorts, Inc."
FWONA,Communication Services,Entertainment,Formula One Group
PPA,,,Invesco Aerospace & Defense ETF
KTF,Financial Services,Asset Management,DWS Municipal Income Trust
ALTE,,,
LCID,Consumer Cyclical,Auto Manufacturers,"Lucid Group, Inc."
CUBE,Real Estate,REIT - Industrial,CubeSmart
CPT,Real Estate,REIT - Residential,Camden Property Trust
SKLZ,Communication Services,Electronic Gaming & Multimedia,Skillz Inc.
ELS,Real Estate,REIT - Residential,"Equity LifeStyle Properties, Inc."
TNDM,Healthcare,Medical Devices,"Tandem Diabetes Care, Inc."
EKO,,,
BN,Financial Services,Asset Management,Brookfield Corporation
WDS,Energy,Oil & Gas E&P,Woodside Energy Group Ltd
U 3%25CD,,,
AGI,Basic Materials,Gold,Alamos Gold Inc.
AMBP,Consumer Cyclical,Packaging & Containers,Ardagh Metal Packaging S.A.
EVT,Financial Services,Asset Management,Eaton Vance Tax-Advantaged Dividend Income Fund
BNRE,,,
ARQT,Healthcare,Biotechnology,"Arcutis Biotherapeutics, Inc."
AXSM,Healthcare,Biotechnology,"Axsome Therapeutics, Inc."
RC,Real Estate,REIT - Mortgage,Ready Capital Corporation
GEVO,Basic Materials,Specialty Chemicals,"Gevo, Inc."
ALLK,,,
OCGN,Healthcare,Biotechnology,"Ocugen, Inc."
BCEL,,,
GNK,Industrials,Marine Shipping,Genco Shipping & Trading Limited
VTRSV,,,
RWT,Real Estate,REIT - Mortgage,"Redwood Trust, Inc."
LGF-A,,,
SAVA,Healthcare,Biotechnology,"Cassava Sciences, Inc."
STNG,Energy,Oil & Gas Midstream,Scorpio Tankers Inc.
BRMK,,,
RTL,,,
CTRA,Energy,Oil & Gas E&P,Coterra Energy Inc.
GNKOQ,,,
DOC,Real Estate,REIT - Healthcare Facilities,"Healthpeak Properties, Inc."
IIPR,Real Estate,REIT - Industrial,"Innovative Industrial Properties, Inc."
NWBI,Financial Services,Banks - Regional,"Northwest Bancshares, Inc."
ASTM,,,
BEKE,Real Estate,Real Estate Services,KE Holdings Inc.
DFKCY,Industrials,Specialty Industrial Machinery,"Daifuku Co., Ltd."
SBFM,Healthcare,Drug Manufacturers - Specialty & Generic,"Sunshine Biopharma, Inc."
IBDQ,,,iShares iBonds Dec 2025 Term Corporate ETF
VTIP,,,Vanguard Short-Term Inflation-Protected Securities Index Fund ETF Shares
IBDO,,,iShares iBonds Dec 2023 Term Corporate ETF
CSTAF,Financial Services,Shell Companies,
DBRG,Financial Services,Asset Management,"DigitalBridge Group, Inc."
KOD,Healthcare,Biotechnology,Kodiak Sciences Inc.
TNOX,,,
ISEE,,,
CRGY,Energy,Oil & Gas E&P,Crescent Energy Company
ENOB,,,
ATHA,Healthcare,Biotechnology,"LeonaBio, Inc."
ESTE,,,
NOTV,Healthcare,Diagnostics & Research,"Inotiv, Inc."
ASBC,,,
VTNR,,,
AATC,Technology,Scientific & Technical Instruments,Autoscope Technologies Corporation
ABNFX,,,American Funds Bond Fund of Amer F2
EFAV,,,iShares MSCI EAFE Min Vol Factor ETF
DHS,,,WisdomTree U.S. High Dividend Fund
FLNG,Energy,Oil & Gas Midstream,FLEX LNG Ltd.
JHCBX,,,JHancock Bond C
XLC,,,State Street Communication Services Select Sector SPDR ETF
PCNNX,,,PIMCO Investment Grade Credit Bond I-3
FIP,Industrials,Conglomerates,FTAI Infrastructure Inc.
DURA,,,VanEck Durable High Dividend ETF
OZKAP,Financial Services,Banks - Regional,Bank OZK
VRAI,,,Virtus Real Asset Income ETF
PYPLV,,,
FIASX,,,Fidelity Advisor Intl Small Cap A
SPGP,,,Invesco S&P 500 GARP ETF
JHEM,,,John Hancock Multifactor Emerging Markets ETF
PRF,,,Invesco RAFI US 1000 ETF
EFAD,,,ProShares MSCI EAFE Dividend Growers ETF
EELV,,,Invesco S&P Emerging Markets Low Volatility ETF
GSSC,,,Goldman Sachs ActiveBeta U.S. Small Cap Equity ETF
SMDV,,,ProShares Russell 2000 Dividend Growers ETF
CDL,,,VictoryShares US Large Cap High Div Volatility Wtd ETF
GSIMX,,,Goldman Sachs GQG Ptnrs Intl Opps Instl
MLKN,Consumer Cyclical,"Furnishings, Fixtures & Appliances","MillerKnoll, Inc."
SJT,Energy,Oil & Gas E&P,San Juan Basin Royalty Trust
BCRX,Healthcare,Drug Manufacturers - Specialty & Generic,"BioCryst Pharmaceuticals, Inc."
ELV,Healthcare,Healthcare Plans,"Elevance Health, Inc."
AMC,Communication Services,Entertainment,"AMC Entertainment Holdings, Inc."
HIL,,,
GOGL,,,
912796XQ7,,,
BKEPP,,,
IMKTA,Consumer Defensive,Grocery Stores,"Ingles Markets, Incorporated"
RDS-A,,,
FBKWX,,,Fidelity Total Bond Fund
91282CFG1,,,
912796YH6,,,
MFH,,,
912796U31,,,
AORT,Healthcare,Medical Devices,"Artivion, Inc."
FLYW,Technology,Software - Infrastructure,Flywire Corporation
JTAIW,Technology,Software - Application,Jet.AI Inc.
NID,,,
WIT,Technology,Information Technology Services,Wipro Limited
HDGE,,,AdvisorShares Ranger Equity Bear ETF
VCTR,Financial Services,Asset Management,"Victory Capital Holdings, Inc."
912796X87,,,
912796YJ2,,,
XPRO,Energy,Oil & Gas Equipment & Services,Expro Group Holdings N.V.
AMLX,Healthcare,Drug Manufacturers - Specialty & Generic,"Amylyx Pharmaceuticals, Inc."
PLL,,,
AVXL,Healthcare,Biotechnology,Anavex Life Sciences Corp.
SBPYX,,,ClearBridge Small Cap Growth I
SHEL,Energy,Oil & Gas Integrated,Shell plc
ALPP,Industrials,Conglomerates,"Alpine 4 Holdings, Inc."
SHCR,,,
FTBFX,,,Fidelity Total Bond Fund
WAVC,,,
AE,,,
NMT,Financial Services,Asset Management,Nuveen Massachusetts Quality Municipal Income Fund
BMN,Financial Services,Asset Management,Blackrock 2037 Municipal Target Term Trust
CORP,,,PIMCO Investment Grade Corporate Bond Index Exchange-Traded Fund
MAIIX,,,iShares MSCI EAFE International Index Fund
FHYS,,,Federated Hermes Short Duration High Yield ETF
VUG,,,Vanguard Growth Index Fund ETF Shares
FDEV,,,Fidelity International Multifactor ETF
FSMDX,,,Fidelity Mid Cap Index
SGENX,,,First Eagle Global A
BAGIX,,,Baird Aggregate Bond Inst
CHPT,Consumer Cyclical,Specialty Retail,"ChargePoint Holdings, Inc."
AYX,,,
RITM,Real Estate,REIT - Mortgage,Rithm Capital Corp.
KRC,Real Estate,REIT - Office,Kilroy Realty Corporation
HSAC,,,
IMCB,,,iShares Morningstar Mid-Cap ETF
BBN,Financial Services,Asset Management,BlackRock Taxable Municipal Bond Trust
AKRO,Healthcare,Biotechnology,"Akero Therapeutics, Inc."
TLRN,,,
PCVX,Healthcare,Biotechnology,"Vaxcyte, Inc."
RLMD,Healthcare,Biotechnology,"Relmada Therapeutics, Inc."
GEN,Technology,Software - Infrastructure,Gen Digital Inc.
WNRP,,,
ZIMV,,,
SSLTY,,,
DSEY,,,
CLVT,Technology,Information Technology Services,Clarivate Plc
BALL,Consumer Cyclical,Packaging & Containers,Ball Corporation
MCON,,,
SHLS,Technology,Solar,"Shoals Technologies Group, Inc."
USBC1,,,
INSM,Healthcare,Biotechnology,Insmed Incorporated
ARCH,,,
PFF,,,iShares Preferred and Income Securities ETF
KRYS,Healthcare,Biotechnology,"Krystal Biotech, Inc."
KALV,Healthcare,Biotechnology,"KalVista Pharmaceuticals, Inc."
CMTG,Real Estate,REIT - Mortgage,"Claros Mortgage Trust, Inc."
CHRD,Energy,Oil & Gas E&P,Chord Energy Corporation
912796ZP7,,,
SWTX,,,
NTST,Real Estate,REIT - Retail,NETSTREIT Corp.
KURA,Healthcare,Biotechnology,"Kura Oncology, Inc."
COGT,Healthcare,Biotechnology,"Cogent Biosciences, Inc."
MNRL,,,
INSW.V,,,
NESR,Energy,Oil & Gas Equipment & Services,National Energy Services Reunited Corp.
PR,Energy,Oil & Gas E&P,Permian Resources Corporation
CNE1,,,
IHD,Financial Services,Asset Management,Voya Emerging Markets High Dividend Equity Fund
ATGL,Technology,Software - Infrastructure,Alpha Technology Group Limited
MBC,Consumer Cyclical,"Furnishings, Fixtures & Appliances","MasterBrand, Inc."
CCLD,Healthcare,Health Information Services,"CareCloud, Inc."
91282CFN6,,,
CELH,Consumer Defensive,Beverages - Non-Alcoholic,"Celsius Holdings, Inc."
FN,Technology,Electronic Components,Fabrinet
MUNI,,,PIMCO Intermediate Municipal Bond Active Exchange-Traded Fund
BSM,Energy,Oil & Gas E&P,"Black Stone Minerals, L.P."
ATKR,Industrials,Electrical Equipment & Parts,Atkore Inc.
TU,Communication Services,Telecom Services,TELUS Corporation
SAND,,,
URA,,,Global X Uranium ETF
GEHC,Healthcare,Medical Devices,GE HealthCare Technologies Inc.
SMPNY,Financial Services,Insurance - Property & Casualty,"Sompo Holdings, Inc."
MSADY,Financial Services,Insurance - Property & Casualty,"MS&AD Insurance Group Holdings, Inc."
HLN,Healthcare,Drug Manufacturers - Specialty & Generic,Haleon plc
AJINY,Consumer Defensive,Packaged Foods,"Ajinomoto Co., Inc."
KNBWY,Consumer Defensive,Beverages - Brewers,"Kirin Holdings Company, Limited"
TOSYY,,,
FPI,Real Estate,REIT - Specialty,Farmland Partners Inc.
CMPS,Healthcare,Medical Care Facilities,COMPASS Pathways plc
CHRS,Healthcare,Biotechnology,"Coherus Oncology, Inc."
MLGO,Technology,Software - Infrastructure,MicroAlgo Inc.
RDSMY,,,
BAC.PL,,,
ESALY,,,
ENVX,Industrials,Electrical Equipment & Parts,Enovix Corporation
FATE,Healthcare,Biotechnology,"Fate Therapeutics, Inc."
SWAV,,,
HZNP,,,
ARWR,Healthcare,Biotechnology,"Arrowhead Pharmaceuticals, Inc."
CEG,Utilities,Utilities - Independent Power Producers,Constellation Energy Corporation
ASO,Consumer Cyclical,Specialty Retail,"Academy Sports and Outdoors, Inc."
LSXMA,,,
NOLD,,,
MATURIT,,,
VHT,,,Vanguard Health Care Index Fund ETF Shares
AGX,Industrials,Engineering & Construction,"Argan, Inc."
CBZ,Industrials,Specialty Business Services,"CBIZ, Inc."
APPF,Technology,Software - Application,"AppFolio, Inc."
BCC,Basic Materials,Lumber & Wood Production,Boise Cascade Company
OTSKY,Healthcare,Drug Manufacturers - General,"Otsuka Holdings Co., Ltd."
NTDTY,Technology,Information Technology Services,NTT DATA Group Corporation
UCBJY,Healthcare,Biotechnology,UCB SA
OLCLY,Consumer Cyclical,Leisure,"Oriental Land Co., Ltd."
KRYAY,Consumer Defensive,Packaged Foods,Kerry Group plc
ADRNY,Consumer Defensive,Grocery Stores,Koninklijke Ahold Delhaize N.V.
TTNDY,Industrials,Tools & Accessories,Techtronic Industries Company Limited
QABSY,Industrials,Airlines,Qantas Airways Limited
OCDDY,Consumer Defensive,Grocery Stores,Ocado Group plc
DNNGY,Utilities,Utilities - Renewable,Ørsted A/S
UNVGY,Communication Services,Entertainment,Universal Music Group N.V.
MTSFY,Real Estate,Real Estate - Diversified,"Mitsui Fudosan Co., Ltd."
KKOYY,Consumer Defensive,Grocery Stores,Kesko Oyj
MHGVY,Consumer Defensive,Farm Products,Mowi ASA
TOELY,Technology,Semiconductor Equipment & Materials,Tokyo Electron Limited
CJPRY,Industrials,Railroads,Central Japan Railway Company
AONNY,Consumer Cyclical,Department Stores,"Aeon Co., Ltd."
FRCOY,Consumer Cyclical,Apparel Retail,"Fast Retailing Co., Ltd."
NRILY,Technology,Information Technology Services,"Nomura Research Institute, Ltd."
MTHRY,Healthcare,Health Information Services,"M3, Inc."
MBGYY,Consumer Cyclical,Auto Manufacturers,Mercedes-Benz Group AG
ITTOY,,,
RCRUY,Communication Services,Internet Content & Information,"Recruit Holdings Co., Ltd."
DQJCY,Consumer Defensive,Discount Stores,Pan Pacific International Holdings Corporation
MSLOY,Industrials,Marine Shipping,"Mitsui O.S.K. Lines, Ltd."
TRUMY,Healthcare,Medical Instruments & Supplies,Terumo Corporation
RTO,Industrials,Specialty Business Services,Rentokil Initial plc
ANZGY,Financial Services,Banks - Diversified,ANZ Group Holdings Limited
NCBDY,Consumer Cyclical,Leisure,BANDAI NAMCO Holdings Inc.
KSRYY,Consumer Defensive,Household & Personal Products,KOSE Holdings Corporation
DKILY,Industrials,Building Products & Equipment,"Daikin Industries,Ltd."
TOTDY,Industrials,Building Products & Equipment,TOTO LTD.
NPPNY,Healthcare,Drug Manufacturers - Specialty & Generic,"Nippon Shinyaku Co., Ltd."
FJTSY,Technology,Information Technology Services,Fujitsu Limited
SKLTY,Communication Services,Internet Content & Information,SEEK Limited
NRDBY,Financial Services,Banks - Regional,Nordea Bank Abp
NJDCY,Industrials,Specialty Industrial Machinery,Nidec Corporation
ASXFY,Financial Services,Financial Data & Stock Exchanges,ASX Limited
OLYMY,Healthcare,Medical Devices,Olympus Corporation
ATUS,,,
DEI,Real Estate,REIT - Office,"Douglas Emmett, Inc."
SWX,Utilities,Utilities - Regulated Gas,"Southwest Gas Holdings, Inc."
SIE,,,
BNP,,,
APPS,Technology,Software - Application,"Digital Turbine, Inc."
IBRX,Healthcare,Biotechnology,"ImmunityBio, Inc."
JBGS,Real Estate,REIT - Office,JBG SMITH Properties
MRTX,,,
SILK,,,
BLNK,Industrials,Engineering & Construction,Blink Charging Co.
DAR,Consumer Defensive,Packaged Foods,Darling Ingredients Inc.
FEPIX,,,Fidelity Advisor Total Bond I
MGK,,,Vanguard Mega Cap Growth Index Fund
FARCX,,,Nuveen Real Estate Securities Fund
BARIX,,,Baron Asset Instl
NBGIX,,,Neuberger Genesis Instl
TSIIX,,,Thornburg Strategic Income I
BEXIX,,,Baron Emerging Markets Fund
JFLEX,,,Janus Henderson Flexible Bond Fund
UPMMY,Basic Materials,Paper & Paper Products,UPM-Kymmene Oyj
CAJPY,Technology,Computer Hardware,Canon Inc.
VONOY,Real Estate,Real Estate Services,Vonovia SE
DNBBY,Financial Services,Banks - Regional,DNB Bank ASA
SALRY,Consumer Defensive,Farm Products,SalMar ASA
DLICY,Financial Services,Insurance - Life,"Dai-ichi Life Holdings, Inc."
SKBSY,Industrials,Engineering & Construction,Skanska AB (publ)
FSUGY,Basic Materials,Other Industrial Metals & Mining,Fortescue Ltd
MSSMY,Industrials,Tools & Accessories,MISUMI Group Inc.
BDNNY,Basic Materials,Other Industrial Metals & Mining,Boliden AB (publ)
JTKWY,,,Just Eat Takeaway.com N.V.
VWAPY,Consumer Cyclical,Auto Manufacturers,Volkswagen AG
VACNY,Industrials,Specialty Industrial Machinery,VAT Group AG
PAM,Utilities,Utilities - Independent Power Producers,Pampa Energía S.A.
CSII,,,
CADE,Financial Services,Banks - Regional,Cadence Bank
CAR,Industrials,Rental & Leasing Services,"Avis Budget Group, Inc."
AKR,Real Estate,REIT - Retail,Acadia Realty Trust
ARRY,Technology,Solar,"Array Technologies, Inc."
FOLD,Healthcare,Biotechnology,"Amicus Therapeutics, Inc."
LC,Financial Services,Banks - Regional,LendingClub Corporation
ESRT,Real Estate,REIT - Diversified,"Empire State Realty Trust, Inc."
YOU,Technology,Software - Application,"Clear Secure, Inc."
COLB,Financial Services,Banks - Regional,"Columbia Banking System, Inc."
OLPX,Consumer Cyclical,Specialty Retail,"Olaplex Holdings, Inc."
MRVI,Healthcare,Biotechnology,"Maravai LifeSciences Holdings, Inc."
OPEN,Real Estate,Real Estate Services,Opendoor Technologies Inc.
KRTX,,,
GTLB,Technology,Software - Infrastructure,GitLab Inc.
LPSN,Technology,Software - Application,"LivePerson, Inc."
MDGS,,,
TROY,,,
AIMD,Technology,Scientific & Technical Instruments,"Ainos, Inc."
INSP,Healthcare,Medical Devices,"Inspire Medical Systems, Inc."
MDGL,Healthcare,Biotechnology,"Madrigal Pharmaceuticals, Inc."
IYY,,,iShares Dow Jones U.S. ETF
TLGPY,Communication Services,Telecom Services,Telstra Group Limited
CMSQY,Financial Services,Capital Markets,Computershare Limited
SOBKY,Communication Services,Telecom Services,SoftBank Corp.
NEP,,,
UTZ,Consumer Defensive,Packaged Foods,"Utz Brands, Inc."
SNDR,Industrials,Trucking,"Schneider National, Inc."
STATE OF,,,
ARKVX,,,ARK Venture Fund
APPY,,,
PDLB,Financial Services,Banks - Regional,"Ponce Financial Group, Inc."
TLP,,,
RY,Financial Services,Banks - Diversified,Royal Bank of Canada
CCCS,,,
CRT,Energy,Oil & Gas E&P,Cross Timbers Royalty Trust
HFRO,Financial Services,Asset Management,Highland Funds I - Highland Opportunities and Income Fund
OEI,,,Optimized Equity Income ETF
EMA,Utilities,Utilities - Regulated Electric,Emera Incorporated
GHY,Financial Services,Asset Management,"PGIM Global High Yield Fund, Inc"
REVH,,,
STEW,Financial Services,Asset Management,"SRH Total Return Fund, Inc."
BIRT,,,
CUZ,Real Estate,REIT - Office,Cousins Properties Incorporated
USBI,,,
MCVT,,,
GL,Financial Services,Insurance - Life,Globe Life Inc.
KASP,,,
ARGO,,,
912796ZN2,,,
PMTU,,,
RLI,Financial Services,Insurance - Property & Casualty,RLI Corp.
MLOG,,,
TMICY,Technology,Software - Infrastructure,Trend Micro Incorporated
FBP,Financial Services,Banks - Regional,First BanCorp.
KHNGY,Industrials,Integrated Freight & Logistics,Kuehne + Nagel International AG
MKTAY,Industrials,Tools & Accessories,Makita Corporation
TLPFY,Industrials,Specialty Business Services,Teleperformance SE
RNMBY,Industrials,Aerospace & Defense,Rheinmetall AG
TKAMY,Industrials,Conglomerates,thyssenkrupp AG
SDVKY,Industrials,Specialty Industrial Machinery,Sandvik AB (publ)
SZKMY,Consumer Cyclical,Auto Manufacturers,Suzuki Motor Corporation
DNPLY,Industrials,Conglomerates,"Dai Nippon Printing Co., Ltd."
ASHTY,Industrials,Rental & Leasing Services,Ashtead Group plc
KNRRY,Consumer Cyclical,Auto Parts,Knorr-Bremse AG
SKHSY,Consumer Cyclical,Residential Construction,"Sekisui House, Ltd."
HCMLY,Basic Materials,Building Materials,Holcim AG
SMMNY,Healthcare,Medical Devices,Siemens Healthineers AG
MTUAY,Industrials,Aerospace & Defense,MTU Aero Engines AG
HEINY,Consumer Defensive,Beverages - Brewers,Heineken N.V.
FRRVY,,,
PROSY,Consumer Cyclical,Internet Retail,Prosus N.V.
ZLNDY,Consumer Cyclical,Internet Retail,Zalando SE
CGEMY,Technology,Information Technology Services,Capgemini SE
DSCSY,Technology,Semiconductor Equipment & Materials,Disco Corporation
EDPFY,Utilities,Utilities - Diversified,"EDP, S.A."
NEXOY,Communication Services,Electronic Gaming & Multimedia,"NEXON Co., Ltd."
ABBNY,Industrials,Electrical Equipment & Parts,ABB Ltd
CZMWY,Healthcare,Medical Instruments & Supplies,Carl Zeiss Meditec AG
MKKGY,Healthcare,Drug Manufacturers - Specialty & Generic,Merck KGaA
ARGX,Healthcare,Biotechnology,argenx SE
NCMGY,,,
CHEOY,Healthcare,Medical Devices,Cochlear Limited
SINGY,Industrials,Airlines,Singapore Airlines Limited
OPHLY,Healthcare,Drug Manufacturers - General,"Ono Pharmaceutical Co., Ltd."
PRYMY,Industrials,Electrical Equipment & Parts,Prysmian S.p.A.
CLPBY,Healthcare,Medical Instruments & Supplies,Coloplast A/S
GASNY,Utilities,Utilities - Regulated Gas,"Naturgy Energy Group, S.A."
BRDCY,Consumer Cyclical,Auto Parts,Bridgestone Corporation
WRDLY,Technology,Software - Infrastructure,Worldline SA
DTRUY,Industrials,Farm & Heavy Construction Machinery,Daimler Truck Holding AG
SPXCY,Financial Services,Financial Data & Stock Exchanges,Singapore Exchange Limited
VEOEY,Industrials,Waste Management,Veolia Environnement SA
DSNKY,Healthcare,Drug Manufacturers - General,"Daiichi Sankyo Company, Limited"
ANYYY,Industrials,Airports & Air Services,"Aena S.M.E., S.A."
VLVLY,Industrials,Farm & Heavy Construction Machinery,AB Volvo (publ)
BVVBY,Industrials,Consulting Services,Bureau Veritas SA
ATEYY,Technology,Semiconductor Equipment & Materials,Advantest Corporation
BDRFY,Consumer Defensive,Household & Personal Products,Beiersdorf Aktiengesellschaft
SMCAY,Industrials,Specialty Industrial Machinery,SMC Corporation
AVVIY,Financial Services,Insurance - Diversified,Aviva plc
ARKAY,Basic Materials,Specialty Chemicals,Arkema S.A.
SOAGY,Healthcare,Medical Instruments & Supplies,Sartorius Aktiengesellschaft
PRNDY,Consumer Defensive,Beverages - Wineries & Distilleries,Pernod Ricard SA
JRONY,Consumer Defensive,Food Distribution,"Jerónimo Martins, SGPS, S.A."
DHLGY,Industrials,Integrated Freight & Logistics,Deutsche Post AG
LSRCY,Technology,Semiconductor Equipment & Materials,Lasertec Corporation
VWAGY,Consumer Cyclical,Auto Manufacturers,Volkswagen AG
UMICY,Industrials,Waste Management,Umicore SA
YAMHY,,,
SMTOY,Consumer Cyclical,Auto Parts,"Sumitomo Electric Industries, Ltd."
GBERY,Industrials,Building Products & Equipment,Geberit AG
AKZOY,Basic Materials,Specialty Chemicals,Akzo Nobel N.V.
IFJPY,Communication Services,Publishing,Informa plc
OVCHY,Financial Services,Banks - Regional,Oversea-Chinese Banking Corporation Limited
SMNNY,Consumer Cyclical,Leisure,Shimano Inc.
DRPRY,Consumer Cyclical,Auto Manufacturers,Dr. Ing. h.c. F. Porsche AG
TTDKY,Technology,Electronic Components,TDK Corporation
BMRRY,Consumer Defensive,Discount Stores,B&M European Value Retail S.A.
NNGRY,Financial Services,Insurance - Diversified,NN Group N.V.
LGRDY,Industrials,Electrical Equipment & Parts,Legrand SA
CCOEY,Communication Services,Electronic Gaming & Multimedia,"Capcom Co., Ltd."
KGSPY,Industrials,Building Products & Equipment,Kingspan Group plc
ENGIY,Utilities,Utilities - Diversified,Engie SA
JSGRY,Industrials,Building Products & Equipment,LIXIL Corporation
RANJY,Industrials,Staffing & Employment Services,Randstad N.V.
BXBLY,Industrials,Specialty Business Services,Brambles Limited
CLLNY,Real Estate,Real Estate Services,"Cellnex Telecom, S.A."
SMNEY,Industrials,Specialty Industrial Machinery,Siemens Energy AG
SPKKY,Communication Services,Telecom Services,Spark New Zealand Limited
OMRNY,Technology,Electronic Components,OMRON Corporation
AAVMY,Financial Services,Banks - Diversified,ABN AMRO Bank N.V.
YASKY,Industrials,Electrical Equipment & Parts,YASKAWA Electric Corporation
PANDY,,,
SUTNY,Financial Services,Banks - Regional,"Sumitomo Mitsui Trust Group, Inc."
HSQVY,Industrials,Tools & Accessories,Husqvarna AB (publ)
ROIC,,,
IOT,Technology,Software - Infrastructure,Samsara Inc.
BFS,Real Estate,REIT - Retail,"Saul Centers, Inc."
SHO,Real Estate,REIT - Hotel & Motel,"Sunstone Hotel Investors, Inc."
BELFB,Technology,Electronic Components,Bel Fuse Inc.
ENTA,Healthcare,Biotechnology,"Enanta Pharmaceuticals, Inc."
RLAY,Healthcare,Biotechnology,"Relay Therapeutics, Inc."
CTRE,Real Estate,REIT - Healthcare Facilities,"CareTrust REIT, Inc."
NXRT,Real Estate,REIT - Residential,"NexPoint Residential Trust, Inc."
ALEX,Real Estate,REIT - Retail,"Alexander & Baldwin, Inc."
DRH,Real Estate,REIT - Hotel & Motel,DiamondRock Hospitality Company
CBU,Financial Services,Banks - Regional,"Community Financial System, Inc."
UE,Real Estate,REIT - Retail,Urban Edge Properties
INN,Real Estate,REIT - Hotel & Motel,"Summit Hotel Properties, Inc."
UBA,,,
PHIN,Consumer Cyclical,Auto Parts,PHINIA Inc.
PD,Technology,Software - Application,"PagerDuty, Inc."
RLJ,Real Estate,REIT - Hotel & Motel,RLJ Lodging Trust
PECO,Real Estate,REIT - Retail,"Phillips Edison & Company, Inc."
LPX,Industrials,Building Products & Equipment,Louisiana-Pacific Corporation
ELVN,Healthcare,Biotechnology,"Enliven Therapeutics, Inc."
DNAY,,,
506120KP8,,,
605699PU5,,,
784532JF1,,,
914476PV2,,,
ATX,,,
KVUE,Consumer Defensive,Household & Personal Products,Kenvue Inc.
SIGCY,Consumer Cyclical,Packaging & Containers,SIG Group AG
LLYVA,Communication Services,Entertainment,"Liberty Live Holdings, Inc."
LLYVK,Communication Services,Entertainment,"Liberty Live Holdings, Inc."
AIC1,,,
SHV,,,iShares 0–1 Year Treasury Bond ETF
ELF,Consumer Defensive,Household & Personal Products,"e.l.f. Beauty, Inc."
SOFI,Financial Services,Credit Services,"SoFi Technologies, Inc."
WTT,,,
XCEM,,,Columbia EM Core ex-China ETF
CNM,Industrials,Industrial Distribution,"Core & Main, Inc."
FEP,,,First Trust Europe AlphaDEX Fund
AGAE,Communication Services,Entertainment,Allied Gaming & Entertainment Inc.
INOD,Technology,Information Technology Services,Innodata Inc.
BBEU,,,JPMorgan BetaBuilders Europe ETF
EME,Industrials,Engineering & Construction,"EMCOR Group, Inc."
TIMB,Communication Services,Telecom Services,TIM S.A.
SCCE,,,
RDS,,,
FMCSX,,,Fidelity Mid-Cap Stock
JNC,,,
ATEST-A,,,
VVV,Consumer Cyclical,Auto & Truck Dealerships,Valvoline Inc.
TBL,,,
BIAC,,,
RGBM,,,
SOAR,Industrials,Airports & Air Services,"Volato Group, Inc."
CTEST,,,
BRDS,,,
91282CDR9,,,
912797LL9,,,
AXON,Industrials,Aerospace & Defense,"Axon Enterprise, Inc."
912796CR8,,,
ASBA,,,
IRIX,Healthcare,Medical Devices,IRIDEX Corporation
RVNC,,,
GPCR,Healthcare,Biotechnology,Structure Therapeutics Inc.
VO,,,Vanguard Mid-Cap Index Fund ETF Shares
EMXC,,,iShares MSCI Emerging Markets ex China ETF
DCO,Industrials,Aerospace & Defense,Ducommun Incorporated
IBE,,,
VLTO,Industrials,Pollution & Treatment Controls,Veralto Corporation
NFE,Energy,Oil & Gas Midstream,New Fortress Energy Inc.
ASAL,,,
INSW,Energy,Oil & Gas Midstream,"International Seaways, Inc."
ALG,Industrials,Farm & Heavy Construction Machinery,Alamo Group Inc.
LG,,,
FBIN,Industrials,Building Products & Equipment,"Fortune Brands Innovations, Inc."
PUMP1,,,
CZWI,Financial Services,Banks - Regional,"Citizens Community Bancorp, Inc."
STIX,,,
JMBS,,,Janus Henderson Mortgage-Backed Securities ETF
GIGB,,,Goldman Sachs Access Investment Grade Corporate Bond ETF
CMBS,,,iShares CMBS ETF
AGZ,,,iShares Agency Bond ETF
MBB,,,iShares MBS ETF
TLH,,,iShares 10-20 Year Treasury Bond ETF
TKO,Communication Services,Entertainment,"TKO Group Holdings, Inc."
THC,Healthcare,Medical Care Facilities,Tenet Healthcare Corporation
EVVTY,Consumer Cyclical,Gambling,Evolution AB (publ)
ACPC,,,
IGSB,,,iShares 1-5 Year Investment Grade Corporate Bond ETF
COCO,Consumer Defensive,Beverages - Non-Alcoholic,"The Vita Coco Company, Inc."
KLG,,,
ATNF,,,
PALL,,,abrdn Physical Palladium Shares ETF
RPXC,,,
TPH,Consumer Cyclical,Residential Construction,"Tri Pointe Homes, Inc."
SLF,Financial Services,Insurance - Diversified,Sun Life Financial Inc.
FRPT,Consumer Defensive,Packaged Foods,"Freshpet, Inc."
SFM,Consumer Defensive,Grocery Stores,"Sprouts Farmers Market, Inc."
MAG,,,
ALTM,,,
ABG,Consumer Cyclical,Auto & Truck Dealerships,"Asbury Automotive Group, Inc."
USFR,,,WisdomTree Floating Rate Treasury Fund
VSEC,Industrials,Aerospace & Defense,VSE Corporation
CEC,,,
HAMILTO,,,
ASC,Industrials,Marine Shipping,Ardmore Shipping Corporation
EI,,,
GLA,,,
IEF,,,iShares 7-10 Year Treasury Bond ETF
SBLK,Industrials,Marine Shipping,Star Bulk Carriers Corp.
ICLN,,,iShares Global Clean Energy ETF
PWP,Financial Services,Capital Markets,Perella Weinberg Partners
AESI,Energy,Oil & Gas Equipment & Services,Atlas Energy Solutions Inc.
KEA,,,
912797KJ5,,,
PAC,Industrials,Airports & Air Services,"Grupo Aeroportuario del Pacífico, S.A.B. de C.V."
FNA,,,
GEV,Industrials,Specialty Industrial Machinery,GE Vernova Inc.
QLYS,Technology,Software - Infrastructure,"Qualys, Inc."
ITIP,,,iShares Intnl Inflation-Linked Bond
SCZ,,,iShares MSCI EAFE Small-Cap ETF
RWTN,,,
ZTO,Industrials,Integrated Freight & Logistics,ZTO Express (Cayman) Inc.
91282CFK2,,,
HLMN,Industrials,Tools & Accessories,Hillman Solutions Corp.
SEAL-PB,Energy,Oil & Gas Midstream,Seapeak LLC
SOLV,Healthcare,Medical Instruments & Supplies,Solventum Corporation
IWB,,,iShares Russell 1000 ETF
CALF,,,Pacer US Small Cap Cash Cows 100 ETF
FNFV.V,,,
COWZ,,,Pacer US Cash Cows 100 ETF
PERI,Communication Services,Internet Content & Information,Perion Network Ltd.
ICOW,,,Pacer Developed Markets International Cash Cows 100 ETF
CPAY,Technology,Software - Infrastructure,"Corpay, Inc."
DAY,Technology,Software - Application,"Dayforce, Inc."
BWIN,Financial Services,Insurance Brokers,"The Baldwin Insurance Group, Inc."
NMVZX,,,Nuance Mid Cap Value Z
NVST,Healthcare,Medical Instruments & Supplies,Envista Holdings Corporation
APP,Communication Services,Advertising Agencies,AppLovin Corporation
USAB,,,
VYX,Technology,Information Technology Services,NCR Voyix Corporation
DALCX,,,Dean Mid Cap Value
STRL,Industrials,Engineering & Construction,"Sterling Infrastructure, Inc."
UAN,Basic Materials,Agricultural Inputs,"CVR Partners, LP"
SOLV#,Healthcare,Medical Instruments & Supplies,Solventum Corporation
IXNZF,,,
MICRD,,,
CPNG,Consumer Cyclical,Internet Retail,"Coupang, Inc."
TECK,Basic Materials,Other Industrial Metals & Mining,Teck Resources Limited
LZB,Consumer Cyclical,"Furnishings, Fixtures & Appliances",La-Z-Boy Incorporated
SOHO,Real Estate,REIT - Hotel & Motel,Sotherly Hotels Inc.
ONEW,Consumer Cyclical,Specialty Retail,OneWater Marine Inc.
LRN,Consumer Defensive,Education & Training Services,"Stride, Inc."
LSYIX,,,Lord Abbett Short Duration High Yield I
QQQM,,,Invesco NASDAQ 100 ETF
SW,Consumer Cyclical,Packaging & Containers,Smurfit Westrock Plc
FWRG,Consumer Cyclical,Restaurants,"First Watch Restaurant Group, Inc."
SDVY,,,First Trust SMID Cap Rising Dividend Achievers ETF
FIHL,Financial Services,Insurance - Diversified,Fidelis Insurance Holdings Limited
EIBLX,,,Eaton Vance Floating Rate I
FSR,,,
VNQI,,,Vanguard Global ex-U.S. Real Estate Index Fund ETF Shares
PPLT,,,abrdn Physical Platinum Shares ETF
IEI,,,iShares 3-7 Year Treasury Bond ETF
TBLL,,,Invesco Short Term Treasury ETF
WWSYX,,,Westwood Quality SmallCap Fund Ultra
FTGC,,,First Trust Global Tactical Commodity Strategy Fund
TPYP,,,Tortoise North American Pipeline Fund
CRNX,Healthcare,Biotechnology,"Crinetics Pharmaceuticals, Inc."
MSDA,,,
APPL,,,
OWL,Financial Services,Asset Management,Blue Owl Capital Inc.
EFC,Real Estate,REIT - Mortgage,Ellington Financial Inc.
AMTM,Industrials,Specialty Business Services,"Amentum Holdings, Inc."
EG,Financial Services,Insurance - Reinsurance,"Everest Group, Ltd."
PERC,,,
HURA,Healthcare,Biotechnology,"TuHURA Biosciences, Inc."
EXE,Energy,Oil & Gas E&P,Expand Energy Corporation
SAIA,Industrials,Trucking,"Saia, Inc."
DINO,Energy,Oil & Gas Refining & Marketing,HF Sinclair Corporation
WY.Z,,,
EPAC,Industrials,Specialty Industrial Machinery,Enerpac Tool Group Corp.
IMO,Energy,Oil & Gas Integrated,Imperial Oil Limited
CNSWF,Technology,Software - Application,Constellation Software Inc.
HIYS,,,Invesco High Yield Select ETF
PDRDF,Consumer Defensive,Beverages - Wineries & Distilleries,Pernod Ricard SA
UCTT,Technology,Semiconductor Equipment & Materials,"Ultra Clean Holdings, Inc."
DJT,Communication Services,Internet Content & Information,Trump Media & Technology Group Corp.
SMR,Industrials,Specialty Industrial Machinery,NuScale Power Corporation
MNDY,Technology,Software - Application,monday.com Ltd.
PCLPX,,,PIMCO CommoditiesPLUS Strategy I2
EQV,,,
SNRE,,,
AAXJ,,,iShares MSCI All Country Asia ex Japan ETF
ALYAF,Technology,Information Technology Services,Alithya Group Inc.
GLAS,,,
EZU,,,iShares MSCI Eurozone ETF
91282CJS1,,,
91282CJP7,,,
CDRE,Industrials,Aerospace & Defense,"Cadre Holdings, Inc."
EQC,,,
GICIX,,,Goldman Sachs Intl Sm Cp Insghts Instl
PDBC,,,Invesco Optimum Yield Diversified Commodity Strategy No K-1 ETF
CFSSX,,,Column Small Cap Select
AHL.C,,,
CRDO,Technology,Semiconductors,Credo Technology Group Holding Ltd
MTZ,Industrials,Engineering & Construction,"MasTec, Inc."
PRMB,Consumer Defensive,Beverages - Non-Alcoholic,Primo Brands Corporation
TPUB,,,
LNTH,Healthcare,Drug Manufacturers - Specialty & Generic,"Lantheus Holdings, Inc."
APG,Industrials,Engineering & Construction,APi Group Corporation
IBIT,,,iShares Bitcoin Trust ETF
TCTZF,Communication Services,Internet Content & Information,Tencent Holdings Limited
CMPO,Industrials,Metal Fabrication,"GPGI, Inc."
SMCI,Technology,Computer Hardware,"Super Micro Computer, Inc."
CLH,Industrials,Waste Management,"Clean Harbors, Inc."
TEM,Healthcare,Health Information Services,"Tempus AI, Inc."
RUM,Communication Services,Internet Content & Information,Rumble Inc.
PAR,Technology,Software - Application,PAR Technology Corporation
UHID,,,
DSS,Consumer Cyclical,Packaging & Containers,"DSS, Inc."
BITF,Financial Services,Capital Markets,Bitfarms Ltd.
LASR,Technology,Semiconductors,"nLIGHT, Inc."
USNC,,,
HOOD,Financial Services,Capital Markets,"Robinhood Markets, Inc."
SRM,,,
XYZ,Technology,Software - Infrastructure,"Block, Inc."
SMCYY,,,
HURC,Industrials,Specialty Industrial Machinery,"Hurco Companies, Inc."
MAGN,Consumer Defensive,Household & Personal Products,Magnera Corporation
BRK,,,
RDDT,Communication Services,Internet Content & Information,"Reddit, Inc."
VIK,Consumer Cyclical,Travel Services,Viking Holdings Ltd
ALAB,Technology,Semiconductors,"Astera Labs, Inc."
DM,,,
KPTI,Healthcare,Biotechnology,Karyopharm Therapeutics Inc.
ADCT,Healthcare,Biotechnology,ADC Therapeutics SA
ARINA,,,
BUSE,Financial Services,Banks - Regional,First Busey Corporation
MRP,Real Estate,REIT - Residential,"Millrose Properties, Inc."
GENI,Communication Services,Internet Content & Information,Genius Sports Limited
URNM,,,Sprott Uranium Miners ETF
BITB,,,Bitwise Bitcoin ETF
LITP,,,Sprott Lithium Miners ETF
TNA,,,Direxion Daily Small Cap Bull 3X Shares
PRKS,Consumer Cyclical,Leisure,United Parks & Resorts Inc.
UNCRY,Financial Services,Banks - Regional,UniCredit S.p.A.
CFRUY,Consumer Cyclical,Luxury Goods,Compagnie Financière Richemont SA
VICR,Technology,Electronic Components,Vicor Corporation
CXAI,Technology,Software - Application,CXApp Inc.
ANCTF,Consumer Cyclical,Specialty Retail,Alimentation Couche-Tard Inc.
GLDW,,,Roundhill Gold WeeklyPay ETF
GDEN,Consumer Cyclical,Resorts & Casinos,"Golden Entertainment, Inc."
BEEP,Industrials,Infrastructure Operations,Mobile Infrastructure Corporation
AHCHY,Basic Materials,Building Materials,Anhui Conch Cement Company Limited
SGBLY,Financial Services,Banks - Regional,Standard Bank Group Limited
KPCPY,Financial Services,Banks - Regional,Kasikornbank Public Company Limited
PPERY,Financial Services,Banks - Regional,PT Bank Mandiri (Persero) Tbk
HIMX,Technology,Semiconductors,"Himax Technologies, Inc."
ASMVY,Technology,Semiconductor Equipment & Materials,ASMPT Limited
PETRY,,,
CIHKY,Financial Services,Banks - Regional,"China Merchants Bank Co., Ltd."
HEGIY,Consumer Defensive,Household & Personal Products,Hengan International Group Company Limited
KCDMY,Consumer Defensive,Household & Personal Products,"Kimberly-Clark de México, S. A. B. de C. V."
PIAIF,Financial Services,Insurance - Life,"Ping An Insurance (Group) Company of China, Ltd."
PTAIY,Industrials,Conglomerates,PT Astra International Tbk
BDORY,Financial Services,Banks - Regional,Banco do Brasil S.A.
PUTKY,Basic Materials,Other Industrial Metals & Mining,PT United Tractors Tbk
TX,Basic Materials,Steel,Ternium S.A.
MGYOY,Energy,Oil & Gas Refining & Marketing,MOL Magyar Olaj- és Gázipari Nyilvánosan Muködo Részvénytársaság
SHG,Financial Services,Banks - Regional,"Shinhan Financial Group Co., Ltd."
SLLDY,Financial Services,Insurance - Life,Sanlam Limited
GOFPY,Consumer Cyclical,Gambling,Organization of Football Prognostics S.A.
VDMCY,Communication Services,Telecom Services,Vodacom Group Limited
NDBKY,Financial Services,Banks - Regional,Nedbank Group Limited
BBSEY,Financial Services,Insurance - Diversified,BB Seguridade Participações S.A.
LNVGY,Technology,Computer Hardware,Lenovo Group Limited
SHTDY,Healthcare,Medical Distribution,Sinopharm Group Co. Ltd.
BDVSY,Industrials,Conglomerates,The Bidvest Group Limited
LTGHY,Healthcare,Medical Care Facilities,Life Healthcare Group Holdings Limited
TCYMY,,,
EGIEY,Utilities,Utilities - Renewable,Engie Brasil Energia S.A.
BCLYF,Financial Services,Banks - Diversified,Barclays PLC
MHVIY,Industrials,Specialty Industrial Machinery,
INVA,Healthcare,Biotechnology,"Innoviva, Inc."
TBPH,Healthcare,Biotechnology,"Theravance Biopharma, Inc."
SDZNY,Healthcare,Drug Manufacturers - Specialty & Generic,Sandoz Group AG
SMCY,,,
GIC,Industrials,Industrial Distribution,Global Industrial Company
UCB,Financial Services,Banks - Regional,"United Community Banks, Inc."
SCMY,,,
MODN,,,
SPHR,Communication Services,Entertainment,Sphere Entertainment Co.
IDI,,,
TXNM,Utilities,Utilities - Regulated Electric,"TXNM Energy, Inc."
BLBD,Industrials,Farm & Heavy Construction Machinery,Blue Bird Corporation
HAYW,Industrials,Electrical Equipment & Parts,"Hayward Holdings, Inc."
JBTM,Industrials,Specialty Industrial Machinery,JBT Marel Corporation
COLPAL,,,
ARIS,,,
TME,Communication Services,Internet Content & Information,Tencent Music Entertainment Group
EFAX1,,,
TPL,Energy,Oil & Gas E&P,Texas Pacific Land Corporation
HYG,,,iShares iBoxx $ High Yield Corporate Bond ETF
CHERB,,,
RNMBF,Industrials,Aerospace & Defense,Rheinmetall AG
USIG,,,iShares Broad USD Investment Grade Corporate Bond ETF
DTV1,,,
ALKT,Technology,Software - Application,"Alkami Technology, Inc."
TQQQ,,,ProShares UltraPro QQQ
IRE,,,Defiance Daily Target 2X Long IREN ETF
TENB,Technology,Software - Infrastructure,"Tenable Holdings, Inc."
KNSL,Financial Services,Insurance - Property & Casualty,"Kinsale Capital Group, Inc."
BDRFF,Consumer Defensive,Household & Personal Products,Beiersdorf Aktiengesellschaft
FRO,Energy,Oil & Gas Midstream,Frontline plc
SEI,Energy,Oil & Gas Equipment & Services,"Solaris Energy Infrastructure, Inc."
AEO,Consumer Cyclical,Apparel Retail,"American Eagle Outfitters, Inc."
INVZ,Consumer Cyclical,Auto Parts,Innoviz Technologies Ltd.
ENGQF,Utilities,Utilities - Diversified,Engie SA
RSNHF,Financial Services,Banks - Regional,"Resona Holdings, Inc."
CNO,Financial Services,Insurance - Life,"CNO Financial Group, Inc."
UVSP,Financial Services,Banks - Regional,Univest Financial Corporation
RUSHB,Consumer Cyclical,Auto & Truck Dealerships,"Rush Enterprises, Inc."
NTDOF,Communication Services,Electronic Gaming & Multimedia,"Nintendo Co., Ltd."
SMFNF,Financial Services,Banks - Diversified,"Sumitomo Mitsui Financial Group, Inc."
SYMBOL,,,
SMCWX,,,American Funds SMALLCAP World A
CRWV,Technology,Software - Infrastructure,"CoreWeave, Inc."
FBRT,Real Estate,REIT - Mortgage,"Franklin BSP Realty Trust, Inc."
PDD,Consumer Cyclical,Internet Retail,PDD Holdings Inc.
SBSI,Financial Services,Banks - Regional,"Southside Bancshares, Inc."
NJR,Utilities,Utilities - Regulated Gas,New Jersey Resources Corporation
BRKL,,,
TTAN,Technology,Software - Application,"ServiceTitan, Inc."
VRE,Real Estate,REIT - Residential,"Veris Residential, Inc."
CDP,Real Estate,REIT - Office,COPT Defense Properties
CYTK,Healthcare,Biotechnology,"Cytokinetics, Incorporated"
GATX,Industrials,Rental & Leasing Services,GATX Corporation
BCO,Industrials,Security & Protection Services,The Brink's Company
FIZZ,Consumer Defensive,Beverages - Non-Alcoholic,National Beverage Corp.
EVTC,Technology,Software - Infrastructure,"EVERTEC, Inc."
HTH,Financial Services,Financial Conglomerates,Hilltop Holdings Inc.
BKH,Utilities,Utilities - Regulated Gas,Black Hills Corporation
DUOL,Technology,Software - Application,"Duolingo, Inc."
WSFS,Financial Services,Banks - Regional,WSFS Financial Corporation
EIG,Financial Services,Insurance - Specialty,"Employers Holdings, Inc."
ROIV,Healthcare,Biotechnology,Roivant Sciences Ltd.
CNH,Industrials,Farm & Heavy Construction Machinery,CNH Industrial N.V.
HLMEX,,,Harding Loevner Instl Emerg Mrkts I
ENSG,Healthcare,Medical Care Facilities,"The Ensign Group, Inc."
HCKT,Technology,Information Technology Services,"The Hackett Group, Inc."
VTS,Energy,Oil & Gas E&P,"Vitesse Energy, Inc."
FNSXX,,,Fidelity Colchester Street Trust - Money Market Portfolio
SFNC,Financial Services,Banks - Regional,Simmons First National Corporation
FTRE,Healthcare,Biotechnology,Fortrea Holdings Inc.
SGI,Consumer Cyclical,"Furnishings, Fixtures & Appliances",Somnigroup International Inc.
MT,Basic Materials,Steel,ArcelorMittal S.A.
VNOM,Energy,Oil & Gas Midstream,"Viper Energy, Inc."
OVV,Energy,Oil & Gas E&P,Ovintiv Inc.
CRCL,Financial Services,Capital Markets,Circle Internet Group
LION,,,Lionsgate Studios Corp.
LAZR,Consumer Cyclical,Auto Parts,"Luminar Technologies, Inc."
XIACF,Technology,Consumer Electronics,Xiaomi Corporation
MIR,Industrials,Specialty Industrial Machinery,"Mirion Technologies, Inc."
XONE,,,Bondbloxx Bloomberg One Year Target Duration US Treasury ETF
BSCV,,,Invesco BulletShares 2031 Corporate Bond ETF
SMEGF,Industrials,Specialty Industrial Machinery,Siemens Energy AG
DSKYF,Healthcare,Drug Manufacturers - General,"Daiichi Sankyo Company, Limited"
RAL,Technology,Electronic Components,Ralliant Corporation
IREN,Financial Services,Capital Markets,IREN Limited
 37045XEF9,,,
ARM,Technology,Semiconductors,Arm Holdings plc
BMNR,Financial Services,Capital Markets,"Bitmine Immersion Technologies, Inc."
SOUN,Technology,Software - Application,"SoundHound AI, Inc."
GPI,Consumer Cyclical,Auto & Truck Dealerships,"Group 1 Automotive, Inc."
DNUT,Consumer Defensive,Grocery Stores,"Krispy Kreme, Inc."
FIG,Technology,Software - Application,"Figma, Inc."
RNWGX,,,American Funds New World R6
EMRZX,,,VanEck Emerging Markets Fund
HIMS,Healthcare,Drug Manufacturers - Specialty & Generic,"Hims & Hers Health, Inc."
BHLB,,,
ETHZ,Healthcare,Biotechnology,ETHZilla Corporation
STRC,Technology,Software - Application,Strategy Inc
HY,Industrials,Farm & Heavy Construction Machinery,"Hyster-Yale, Inc."
HESAF,Consumer Cyclical,Luxury Goods,Hermès International Société en commandite par actions
PSKY,Communication Services,Entertainment,Paramount Skydance Corporation
BBAI,Technology,Information Technology Services,"BigBear.ai Holdings, Inc."
BBIO,Healthcare,Biotechnology,"BridgeBio Pharma, Inc."
MBFJF,Financial Services,Banks - Diversified,"Mitsubishi UFJ Financial Group, Inc."
MSTY,,,Yieldmax MSTR Option Income Strategy ETF
CART,Consumer Cyclical,Internet Retail,Maplebear Inc.
TZA,,,Direxion Daily Small Cap Bear 3X Shares
ASTH,Healthcare,Medical Care Facilities,"Astrana Health, Inc."
GAP,Consumer Cyclical,Apparel Retail,"The Gap, Inc."
DOCS,Healthcare,Health Information Services,"Doximity, Inc."
TFF,,,
PEBO,Financial Services,Banks - Regional,Peoples Bancorp Inc.
CVCI,,,
CON,Healthcare,Medical Care Facilities,"Concentra Group Holdings Parent, Inc."
WBI,Energy,Oil & Gas Equipment & Services,WaterBridge Infrastructure LLC
UNCFF,Financial Services,Banks - Regional,UniCredit S.p.A.
TSEM,Technology,Semiconductors,Tower Semiconductor Ltd.
DY,Industrials,Engineering & Construction,"Dycom Industries, Inc."
SN,Consumer Cyclical,"Furnishings, Fixtures & Appliances","SharkNinja, Inc."
FQVLF,Basic Materials,Copper,First Quantum Minerals Ltd.
IHF,,,iShares U.S. Healthcare Providers ETF
OPCH,Healthcare,Medical Care Facilities,"Option Care Health, Inc."
BE,Industrials,Electrical Equipment & Parts,Bloom Energy Corporation
VLRS,Industrials,Airlines,"Controladora Vuela Compañía de Aviación, S.A.B. de C.V."
FTVw,,,
MHVYF,Industrials,Specialty Industrial Machinery,"Mitsubishi Heavy Industries, Ltd."
AJINF,Consumer Defensive,Packaged Foods,"Ajinomoto Co., Inc."
SARO,Industrials,Aerospace & Defense,"StandardAero, Inc."
AMRZ,Basic Materials,Building Materials,
EIPI,,,FT Energy Income Partners Enhanced Income ETF
AVAV,Industrials,Aerospace & Defense,"AeroVironment, Inc."
SKWD,Financial Services,Insurance - Property & Casualty,"Skyward Specialty Insurance Group, Inc."
AMR1,,,
HURN,Industrials,Consulting Services,Huron Consulting Group Inc.
INPAP,,,International Paper Company PFD $4
XMEX,,,
SBGSF,Industrials,Specialty Industrial Machinery,Schneider Electric S.E.
BABAF,Consumer Cyclical,Internet Retail,Alibaba Group Holding Limited
IBDSF,Utilities,Utilities - Diversified,"Iberdrola, S.A."
DBSDF,Financial Services,Banks - Regional,DBS Group Holdings Ltd
CBSI,,,Central Bancshares Inc (Texas)
GNPX,Healthcare,Biotechnology,"Genprex, Inc."
CMSD,,,
SOLS,Basic Materials,Specialty Chemicals,"Solstice Advanced Materials, Inc."
CSW,Industrials,Specialty Industrial Machinery,"CSW Industrials, Inc."
VWUAX,,,Vanguard US Growth Admiral
VWUSX,,,Vanguard US Growth Investor
BYDDF,Consumer Cyclical,Auto Manufacturers,BYD Company Limited
ABVX,Healthcare,Biotechnology,ABIVAX Société Anonyme
91282CLG4,,,
RNWAX,,,American Funds New World R1
LGN,Industrials,Engineering & Construction,Legence Corp.
SOLSV,,,
INVX,Energy,Oil & Gas Equipment & Services,"Innovex International, Inc."
SNREY,Communication Services,Telecom Services,Sunrise Communications AG
ASHGY,Industrials,Rental & Leasing Services,Ashtead Group plc
BSCP,,,Invesco BulletShares 2025 Corporate Bond ETF
XLP,,,State Street Consumer Staples Select Sector SPDR ETF
RFI,Financial Services,Asset Management,"Cohen & Steers Total Return Realty Fund, Inc."
SPYM,,,State Street SPDR Portfolio S&P 500 ETF
BSCQ,,,Invesco BulletShares 2026 Corporate Bond ETF
VSNT,Communication Services,Entertainment,"Versant Media Group, Inc."
